ID,Stufe,Priorität,Abschnitt,Kurzbeschreibung,Issue,Modul,Tests,Status
F-KAS-010,V1,MUSS,8.1 Ticketverkauf (Kasse),Das Kassenpersonal muss einen Standardverkauf für eine Gruppe in maximal sechs Interaktionen und in der Regel in weniger als 15 Sekunden abschließen können. Freiwillige Zusatzan…,,BP-04,"30 automatisierte Browserverkäufe: Median 581 ms, Maximum 843 ms, höchstens 2 Interaktionen; Feldabnahmeprotokoll vorhanden, Originalhardwaremessung ausstehend",in Arbeit
F-KAS-020,V1,MUSS,8.1 Ticketverkauf (Kasse),Zusammen verkaufte Tickets erhalten automatisch eine gemeinsame Gruppen-ID. Gruppenbindungen werden in allen Folgeprozessen berücksichtigt.,,BP-04,Unit Zustandsautomat + Integration Verkauf/Umlauf + E2E erstes Vertical Slice,umgesetzt
F-KAS-030,V1,MUSS,8.1 Ticketverkauf (Kasse),"Gewichtsklassen (Kind, Normal, Schwer, Individuell mit kg-Angabe) müssen je Produkt oder Veranstaltung konfigurierbar aktivierbar sein. Ist die Funktion aktiv, ist je Person ein…",,BP-04,Unit Zustandsautomat + Integration Verkauf/Umlauf + E2E erstes Vertical Slice,umgesetzt
F-KAS-040,V1,MUSS,8.1 Ticketverkauf (Kasse),Keine Namen oder Telefonnummern im Ticketkern; nur anonyme Ticketmerkmale und getrennte freiwillige Web-Push-Registrierung.,,BP-04,ADR-0006 + Contract phone-free Verkauf/Standby + Schema-/UI-Prüfung,umgesetzt
F-KAS-050,V1,MUSS,8.1 Ticketverkauf (Kasse),"Jedes Ticket erhält eine eindeutige, nicht erratbare Ticketnummer mit QR-Code. V1 unterstützt sowohl vorgedruckte Ticketcodes als auch die Ausgabe eines druckbaren oder digitale…",,BP-04,Unit Zustandsautomat + Integration Verkauf/Umlauf + E2E erstes Vertical Slice,umgesetzt
F-KAS-055,V2,SOLL,8.1 Ticketverkauf (Kasse),Eine gerätespezifische Bondrucker-Anbindung zur direkten Ticketausgabe ist vorzusehen.,,BP-04,Unit Zustandsautomat + Integration Verkauf/Umlauf + E2E erstes Vertical Slice,geplant
F-KAS-060,V1,MUSS,8.1 Ticketverkauf (Kasse),Keine Erfassung von Bezahlstatus oder Zahlart; Produktpreis nur als Information ohne Zahlungsabwicklung.,,BP-04,ADR-0008 + Contract zahlungsfreier Verkauf + Browser Kasse,umgesetzt
F-KAS-070,V1,MUSS,8.1 Ticketverkauf (Kasse),"Storno ist nur für Kasse und Administrator zulässig, erfordert einen Grund und erzeugt einen unveränderlichen Protokolleintrag.",,BP-05,Unit Queue/Gruppenschutz + Integration Rollen/PIN/Grund/Idempotenz/Umlauffreigabe/Audit + Browser Kasse,umgesetzt
F-KAS-080,V1,MUSS,8.1 Ticketverkauf (Kasse),Umbuchung eines Tickets auf ein anderes Produkt muss mit korrekter Neueinreihung in die operative Warteschlange und vollständiger Protokollierung möglich sein.,V16-KAS-050 und ADR-0017 ersetzen neue Umbuchungen durch Storno plus Neuverkauf; historische Auditdaten bleiben erhalten.,BP-05,Historische Lesbarkeit + Integration Storno/Neuverkauf + Ablehnung alter Umbuchungskommandos,entfällt
F-KAS-090,V1,MUSS,8.1 Ticketverkauf (Kasse),"Ticketsuche nach Ticketnummer, Gruppen-ID, Fluggruppen-/Slotnummer und QR-Code.",,BP-04,Unit Zustandsautomat + Integration Verkauf/Umlauf + E2E erstes Vertical Slice,umgesetzt
F-KAS-100,V1,MUSS,8.1 Ticketverkauf (Kasse),"Die Verkaufskachel zeigt je Produkt mindestens: Betriebsstatus, realistische Wartezeitspanne, prognostiziertes Aufruf-/Boardingfenster, Kapazitätsampel und realistisch verbleibe…",,BP-04,Unit Prognose/Kapazität + Integration Produktfenster/Restplätze/Qualität + Tablet-Browser Kasse,umgesetzt
F-KAS-110,V1,SOLL,8.1 Ticketverkauf (Kasse),"Ist für ein Produkt eine Begleitpflicht für Kinder hinterlegt, weist das System bei einer Kinderbuchung ohne erwachsene Begleitung in derselben Gruppe deutlich darauf hin.",,BP-04,Contract Produktkonfiguration + Unit Begleitwarnung + fokussierter UI-Komponententest des deutlichen Kassenhinweises,umgesetzt
F-KAS-120,V1,MUSS,8.1 Ticketverkauf (Kasse),"Der Verkauf wird technisch gesperrt, wenn das Produkt oder seine Ressourcengruppe nicht verkaufbar ist, der Verkaufsschluss erreicht ist oder der Notfallmodus aktiv ist. Der Spe…",,BP-04,Unit Sale Guard + Integration Veranstaltung/Öffnung/Produkt/Schluss/Ressourcengruppe/Unterbrechung/Notfall/Kapazität,umgesetzt
F-KAS-130,V1,MUSS,8.1 Ticketverkauf (Kasse),Tageszählbericht mit verkauften Tickets und Stornos je Produkt; keine Zahlarten oder Bezahlstatus.,,BP-10,GET reports/daily.csv + Browser Admin + docs/operations/reports.md,in Arbeit
F-KAS-140,V2,KANN,8.1 Ticketverkauf (Kasse),Gutschein-Tickets können ohne sofortige Einreihung ausgegeben und später an der Kasse eingelöst werden.,,BP-04,Unit Zustandsautomat + Integration Verkauf/Umlauf + E2E erstes Vertical Slice,geplant
F-KAS-150,V2,KANN,8.1 Ticketverkauf (Kasse),Warteliste je Produkt für ausverkaufte oder gesperrte Angebote; Vormerkung ohne Zahlung und geregeltes Nachrücken bei frei werdender Kapazität.,,BP-04,Unit Zustandsautomat + Integration Verkauf/Umlauf + E2E erstes Vertical Slice,geplant
F-KAS-160,V1,MUSS,8.1 Ticketverkauf (Kasse),Die Kasse verkauft ausschließlich auf Basis der aktuellen Betriebs- und Prognoselage. Eine feste Flugzeug- oder Pilotenzuordnung durch die Kasse ist ausgeschlossen.,,BP-04,Integration aktuelle Betriebs-/Prognoselage + manipulierte Kassenfelder ohne Flugzeug-/Pilotenzuordnung,umgesetzt
F-RES-010,V1,MUSS,"8.2 Produkte, Ressourcengruppen und Flugzeuge","Jedes buchbare Produkt verwendet genau eine Ressourcengruppe. Produktmerkmale wie Bezeichnung, Preis, Referenzdauer, öffentliche Darstellung und Verkaufsregeln sind von der Ress…",,BP-03,E2E Produkt-FK/Parameter/Gate + Admin-Stammdaten/Audit,umgesetzt
F-RES-020,V1,MUSS,"8.2 Produkte, Ressourcengruppen und Flugzeuge",Mehrere Produkte dürfen dieselbe Ressourcengruppe verwenden. Deren Nachfrage wird in einer gemeinsamen operativen Kapazität disponiert.,,BP-03,E2E zwei Produkte/eine Gruppe/gemeinsame Queue + Kassenanzeige,umgesetzt
F-RES-030,V1,MUSS,"8.2 Produkte, Ressourcengruppen und Flugzeuge",Eine Ressourcengruppe kann ein oder mehrere Flugzeuge enthalten. Standardmäßig besitzt jedes Flugzeug eine eigene Ressourcengruppe; die Zusammenfassung mehrerer Flugzeuge ist ko…,,BP-03,E2E zwei kompatible Flugzeuge in einer Gruppe + Zuordnungsaudit,umgesetzt
F-RES-040,V1,MUSS,"8.2 Produkte, Ressourcengruppen und Flugzeuge",Ein Flugzeug darf zu jedem Zeitpunkt höchstens einer aktiven Ressourcengruppe zugeordnet sein. Das System muss widersprüchliche Zuordnungen technisch verhindern.,,BP-03,Unit Invarianten + Integration Stammdaten/Constraints,umgesetzt
F-RES-050,V1,MUSS,"8.2 Produkte, Ressourcengruppen und Flugzeuge",Zuordnungen von Flugzeugen zu Ressourcengruppen besitzen Gültigkeitszeiträume und werden historisiert. Änderungen im laufenden Betrieb werden mit Auswirkungen auf Queue und Prog…,,BP-03,Unit Invarianten + Integration Stammdaten/Constraints,umgesetzt
F-RES-060,V1,MUSS,"8.2 Produkte, Ressourcengruppen und Flugzeuge",Kompatibilität und Kapazität werden aus konkret zugeordneten Flugzeugen abgeleitet; keine Freitext-Typenliste oder manuelle Gruppenkapazität.,,BP-03,ADR-0008 + Unit abgeleitete Kapazität + Integration Stammdaten/Constraints,umgesetzt
F-RES-070,V1,MUSS,"8.2 Produkte, Ressourcengruppen und Flugzeuge","Ressourcengruppen besitzen einen eigenen Betriebsstatus: aktiv, pausiert, unterbrochen oder beendet. Der Status wirkt auf Verkauf, Aufruf, Prognose und Anzeigen.",,BP-03,E2E Status/Audit/Verkaufs- und Aufrufsperre/unsichere Prognose/Public DTO,umgesetzt
F-RES-080,V1,MUSS,"8.2 Produkte, Ressourcengruppen und Flugzeuge",Die operative Queue wird je Ressourcengruppe geführt. Produktzugehörigkeit und stabile öffentliche Fluggruppen-/Slotnummern bleiben dabei erhalten.,,BP-03,Unit Invarianten + Integration Stammdaten/Constraints,umgesetzt
F-RES-090,V1,SOLL,"8.2 Produkte, Ressourcengruppen und Flugzeuge","Flugzeuge mit abweichender Sitzplatzkapazität dürfen in einer Ressourcengruppe betrieben werden, sofern die konkrete Kapazität beim Umlauf berücksichtigt wird. V1 darf hierfür e…",,BP-03,Integration Kapazitäts-/Pilotkonflikt: Zwei- und Vier-Sitz-Flugzeug in einer Ressourcengruppe; Vierergruppe erhält nur passenden Vorschlag; zu kleines Flugzeug wird auch bei bestätigtem NEXT abgewiesen,umgesetzt
F-RES-100,V2,SOLL,"8.2 Produkte, Ressourcengruppen und Flugzeuge","Eine temporäre Umgruppierung eines Flugzeugs im laufenden Betrieb ist nur durch Leiter Flight Line oder Administrator zulässig, zeigt die prognostizierten Auswirkungen vor Bestä…",,BP-03,Unit Invarianten + Integration Stammdaten/Constraints,geplant
F-SLT-010,V1,MUSS,"8.3 Fluggruppen, Slots und Warteschlangen",Das System bildet aus verkauften Tickets stabile Fluggruppen/Slots je Produkt. Die operative Reihenfolge wird innerhalb der zugehörigen Ressourcengruppe geführt. Beim Verkauf er…,,BP-05,Unit Queueplanung + Integration stabile Produktkennung/Ressourcengruppenreihenfolge/Kapazitätsgrenze,umgesetzt
F-SLT-020,V1,MUSS,"8.3 Fluggruppen, Slots und Warteschlangen","Zusammen gekaufte Tickets bleiben grundsätzlich zusammen. Ist eine Gruppe größer als die verfügbare Kapazität eines einzelnen Umlaufs, wird sie nur nach ausdrücklichem Hinweis a…",,BP-05,Domain planBookingGroupSplit + Contract Bestätigungsmerkmal + Integration bestätigte Folgeslots/Zurückstellung/Storno + Kassenhinweis mit konkreter Aufteilung und ausdrücklicher Bestätigung + Browserprüfung,umgesetzt
F-SLT-030,V1,MUSS,"8.3 Fluggruppen, Slots und Warteschlangen",Freie Plätze in noch nicht aufgerufenen Fluggruppen füllt das System automatisch mit der vordersten passenden Gruppe oder Einzelperson. Standby-Tickets dürfen bevorzugt werden.…,,BP-05,Unit Queueplanung + Integration automatische Ganzgruppen-Nachbesetzung/Überlauf/Produkttrennung/Teilkorrektur,umgesetzt
F-SLT-040,V1,MUSS,"8.3 Fluggruppen, Slots und Warteschlangen","Fluggruppen dürfen bis zum Statuswechsel IM FLUG geändert, ergänzt oder nachbesetzt werden. Nach IM FLUG ist die Besetzung unveränderlich; Korrekturen sind nur als dokumentierte…",,BP-05,Domain Sperrpunkt + MOVE_TICKET_GROUP + administrativer CORRECT_ROTATION_MANIFEST-Sonderweg + Integration Gruppenschutz/Audit/Idempotenz/stale write + Admin-UI/Browserabnahme,umgesetzt
F-SLT-050,V1,MUSS,"8.3 Fluggruppen, Slots und Warteschlangen",Leiter Flight Line und Flight-Line-Personal können Fluggruppen manuell anpassen. Jede Abweichung vom Systemvorschlag wird protokolliert.,,BP-05,Rollenprüfung FLIGHT_LINE/LEAD/ADMIN + append-only TICKET_GROUP_MOVED mit Grund/Quelle/Ziel/Abweichungsmerkmal + responsive Flight-Line-Disposition + Browserprüfung,umgesetzt
F-SLT-060,V1,MUSS,"8.3 Fluggruppen, Slots und Warteschlangen",Die nutzbare Platzanzahl eines konkreten Umlaufs kann vor dem Aufruf reduziert werden. Nicht mitfliegende Tickets rücken unter Erhalt der Gruppenbindung an die vorderste passend…,,BP-05,Migration 0027 + Domain Queue-Suffix-Plan + SET_ROTATION_CAPACITY + Integration Ganzgruppen-Wiedereinreihung/öffentliche Queue/Role/Idempotenz/stale write/Audit/Sperre nach Aufruf + Leitungs-UI,umgesetzt
F-SLT-070,V1,MUSS,"8.3 Fluggruppen, Slots und Warteschlangen",Abgeleitete Kapazitätsspanne steuert Verkauf und Fluggruppenbildung; Teilung nur ohne ausreichend großes Flugzeug und nach Bestätigung.,,BP-05,ADR-0008 + Integration gemischte Flotte/kleinstes passendes Flugzeug/Gruppenschutz,umgesetzt
F-SLT-080,V1,MUSS,"8.3 Fluggruppen, Slots und Warteschlangen","Nach jedem relevanten Ereignis berechnet das System Reihenfolge, Zuordnungen, Prognosen und Wartezeitspannen neu und verteilt den neuen Stand in Echtzeit an alle Geräte.",,BP-05,E2E Vertical Slice: atomar persistierter Zustands-Broadcast und nachgelagerter Forecast-Broadcast nach Verkauf und NEXT; zwei Geräte lesen identische Prognosezeitpunkte/Wartefenster derselben Eventversion unter zwei Sekunden,umgesetzt
F-SLT-090,V1,MUSS,"8.3 Fluggruppen, Slots und Warteschlangen","Fällt ein Flugzeug aus, verteilt das System noch nicht gestartete Fluggruppen auf verbleibende kompatible Flugzeuge der Ressourcengruppe neu. Bereits aufgerufene Gruppen werden…",,BP-05,Integration Flottenbetrieb: atomarer technischer Abbruch nach Off-Block stellt die Gesamtgruppe vor historische Queue-Einträge; ausgefallenes Flugzeug wird deaktiviert; kompatibles Ersatzflugzeug bleibt Vorschlag bis zum zweiten expliziten NEXT,umgesetzt
F-SLT-100,V1,MUSS,"8.3 Fluggruppen, Slots und Warteschlangen","Jede Fluggruppe erhält eine fortlaufende, gut kommunizierbare Tagesnummer in Verbindung mit dem Produktkürzel, z. B. SR-042. Diese Kennung ist auf allen Ansichten identisch.",ADR-0022 ersetzt die identische Darstellung durch öffentliche G-Produkt-/Buchungsnummern und interne F-Ressourcengruppen-/Fluggruppennummern; nächste konsolidierte Anforderungsversion erforderlich.,BP-05,Domain-Formatierung + Worker-Integration für G/F + kompatible Ticketsuche + FIDS-/Flight-Line-Browserabnahme,umgesetzt
F-SLT-110,V1,MUSS,"8.3 Fluggruppen, Slots und Warteschlangen","Nutzen mehrere Produkte dieselbe Ressourcengruppe, gilt in V1 grundsätzlich die Verkaufsreihenfolge über Produktgrenzen hinweg. Konfigurierbare Produktprioritäten oder Quoten dü…",,BP-05,Unit Queue/Gruppenschutz + Integration Sonderfälle + E2E No-Show/Umbuchung,umgesetzt
F-SLT-120,V1,MUSS,"8.3 Fluggruppen, Slots und Warteschlangen",Eine noch nicht fest zugeordnete Fluggruppe wird dem frühest verfügbaren kompatiblen Flugzeug vorgeschlagen. Dabei dürfen weder Flugzeug- noch Pilotenkonflikte entstehen.,,BP-05,Integration Pilotenkonflikt mit Kapazitätsschutz und zeitlicher Frühestverfügbarkeit mehrerer laufender Flugzeuge,umgesetzt
F-EVT-010,V1,MUSS,8.4 Ereignisse und Flight-Line-/Boarding-Ablauf,"Alle fachlich relevanten Änderungen werden als Ereignisse mit Zeitstempel, Quelle, Gerät, Bezug und Nutzdaten erfasst. Der operative Zustand wird aus diesen Ereignissen abgeleitet.",,BP-02,E2E Vertical Slice Zustand/Ereignis/Gerät + auditierter Korrekturbezug,umgesetzt
F-EVT-020,V1,MUSS,8.4 Ereignisse und Flight-Line-/Boarding-Ablauf,"Ereignisse müssen idempotent verarbeitet werden. Doppel-Tipps, Wiederholungen nach Verbindungsstörungen oder parallele Eingaben dürfen keine doppelten Statuswechsel erzeugen.",,BP-02,Unit Domänenverträge + Integration Autorisierung/Idempotenz/Concurrency + Reconnect,umgesetzt
F-EVT-030,V1,MUSS,8.4 Ereignisse und Flight-Line-/Boarding-Ablauf,"Fehleingaben werden nicht durch Überschreiben historischer Zeitstempel korrigiert, sondern durch ein nachvollziehbares Korrektur- oder Rücknahmeereignis.",,BP-02,Integration Vertical Slice: NEXT + REVOKE_CALL + Ledger-Verweis + erneuter NEXT,umgesetzt
F-EVT-040,V1,MUSS,8.4 Ereignisse und Flight-Line-/Boarding-Ablauf,"Belegungsbestätigung darf transparent Flugzeugbindung, verbindlichen Aufruf und Boardingbeginn ableiten.",,BP-02,E2E CALL_NEXT als interner Kompatibilitätsname mit protokolliertem Aufruf und atomarem Boarding-/Flugzeugzustand,in Arbeit
F-EVT-050,V3,SOLL,8.4 Ereignisse und Flight-Line-/Boarding-Ablauf,Spätere automatische Quellen wie ADS-B dürfen Ereignisse vorschlagen oder plausibilisieren. Eine automatische Übernahme muss je Ereignistyp konfigurierbar sein.,,BP-02,Unit Domänenverträge + Integration Autorisierung/Idempotenz/Concurrency + Reconnect,geplant
F-BRD-010,V1,MUSS,8.4 Ereignisse und Flight-Line-/Boarding-Ablauf,"Flugzeugzentrierter Standardumlauf mit Belegung/Boarding bestätigen, IM FLUG, GELANDET und ABGESCHLOSSEN/VERFÜGBAR.",,BP-04,ADR-0012 + freigegebenes Bedienkonzept + Unit Zustandsautomat + Integration + Browser Flight Director/Flight Line,in Arbeit
F-BRD-020,V1,MUSS,8.4 Ereignisse und Flight-Line-/Boarding-Ablauf,"Belegung bestätigen und Boarding starten bindet ganze Gruppen, Flugzeug und Pilotencode und startet die Boardingmessung.",,BP-04,Integration interne CALL_NEXT-Kompatibilität/Ist-Zeit/Audit/Realtime + E2E öffentlicher Status/Monitor/Push + Browser,in Arbeit
F-BRD-025,V1,SOLL,8.4 Ereignisse und Flight-Line-/Boarding-Ablauf,Check-in beziehungsweise Anwesenheit kann je Ticket per QR-Scan oder Antippen erfasst werden. Der Standardumlauf muss auch ohne Einzel-Scan vollständig bedienbar bleiben.,,BP-05,SET_TICKET_ATTENDANCE + Migration 0013 + Browser Flight Line + Idempotenztest,umgesetzt
F-BRD-030,V1,MUSS,8.4 Ereignisse und Flight-Line-/Boarding-Ablauf,Je Flugzeug ist ein aktueller Pilot hinterlegt und wird vorgeschlagen. Ein Pilotwechsel ist mit einer zusätzlichen Interaktion möglich und wird protokolliert.,,BP-05,Migration veranstaltungsbezogener aktueller Pilot + Integration Vorschlag/Wechsel/Audit + Browser Flight Line,umgesetzt
F-BRD-040,V1,MUSS,8.4 Ereignisse und Flight-Line-/Boarding-Ablauf,"Ein Pilot darf zu keinem Zeitpunkt mehr als einen Umlauf in Boarding, Bereit oder Im Flug besitzen. Das System verhindert Konflikte technisch.",,BP-04,Integration zwei Flugzeuge/ein Pilot Konfliktabweisung + zwei Piloten parallele Annahme + Operationssicht,umgesetzt
F-BRD-050,V1,MUSS,8.4 Ereignisse und Flight-Line-/Boarding-Ablauf,Ein Ticket darf zu keinem Zeitpunkt mehr als einem nicht abgeschlossenen Umlauf zugeordnet sein. Dies gilt auch bei paralleler Bedienung mehrerer Geräte.,,BP-05,Partieller eindeutiger D1-Index + Integration zwei Geräte/ein Gewinner/stale write/eine aktive Zuordnung/ein Audit-Ereignis,umgesetzt
F-BRD-060,V1,MUSS,8.4 Ereignisse und Flight-Line-/Boarding-Ablauf,"Das System führt mindestens die Ticketzustände Verkauft, Wartend, Voraufruf, Bitte zur Flight Line, Eingecheckt, Boarding, Im Flug, Gelandet, Abgeschlossen, Zurückgestellt, No-S…",,BP-04,Atomare Ticket-/Anwesenheitszustände + abgeleiteter Voraufruf + Integration Standardfolge/Rücknahme/No-Show/Klärung/Storno,umgesetzt
F-BRD-070,V1,MUSS,8.4 Ereignisse und Flight-Line-/Boarding-Ablauf,Tickets können mit einer Interaktion zurückgestellt werden. Die Anzahl wird gezählt; nach einer konfigurierbaren Höchstzahl wechselt das Ticket in Klärung Kasse.,,BP-04,Migration Zähler/Schwellenwert + Adminparameter + Integration Wiedereinreihung/Klärung/Kassensuche/Audit,umgesetzt
F-BRD-080,V1,MUSS,8.4 Ereignisse und Flight-Line-/Boarding-Ablauf,"Erscheint ein aufgerufener Gast nicht innerhalb der konfigurierten Frist, kann das Ticket auf No-Show gesetzt werden. Das System schlägt eine Nachbesetzung vor; das Personal ent…",,BP-04,Domain Fristprüfung + anonymes Einzel-Ticket-Kommando + atomare Audit-/Idempotenz-/Outbox-Persistenz + bewusste Nachbesetzungsentscheidung in Flight Line,umgesetzt
F-BRD-085,V1,MUSS,8.4 Ereignisse und Flight-Line-/Boarding-Ablauf,"Gruppenschutz: Gruppen werden nach dem Aufruf niemals automatisch getrennt. Fehlen Mitglieder, entscheidet das Flight-Line-Personal zwischen unvollständig fliegen, Gruppe gemein…",,BP-05,"Unit Queue/Gruppenschutz + Integration auditierte Anwesenheitsentscheidung/Idempotenz + responsive Flight-Line-Disposition für unvollständig fliegen, gemeinsam zurückstellen oder Platz leer lassen",umgesetzt
F-BRD-090,V1,MUSS,8.4 Ereignisse und Flight-Line-/Boarding-Ablauf,Ein Umlauf kann vor IM FLUG abgebrochen werden; alle Tickets kehren unter Erhalt ihrer Gruppenbindung an die vorderste passende Warteschlangenposition zurück.,,BP-05,Unit Queue/Gruppenschutz + Integration Sonderfälle + E2E No-Show/Umbuchung,umgesetzt
F-BRD-100,V1,MUSS,8.4 Ereignisse und Flight-Line-/Boarding-Ablauf,"Das System misst getrennt mindestens Boardingdauer, Flugzeit, Zeit von Landung bis Abschluss und gesamte Umlaufzeit. Die Messpunkte werden aus den Primärereignissen abgeleitet.",,BP-04,Unit Zustandsautomat + Integration Verkauf/Umlauf + E2E erstes Vertical Slice,umgesetzt
F-BRD-110,V1,SOLL,8.4 Ereignisse und Flight-Line-/Boarding-Ablauf,Anwesenheitsabgleich per QR-Scan oder Antippen in der Fluggruppenkarte.,,BP-04,Fluggruppenkarte attendance-panel + SET_TICKET_ATTENDANCE,umgesetzt
F-BRD-120,V1,MUSS,8.4 Ereignisse und Flight-Line-/Boarding-Ablauf,"Die geschätzte Passagierzuladung wird auf Basis konfigurierbarer Referenzgewichte neutral angezeigt. Sie trägt dauerhaft den Hinweis, dass die Entscheidung ausschließlich beim P…",,BP-04,Contract und E2E Vertical Slice mit konfigurierten Referenzgewichten/Individualgewicht; Flight-Line-Anzeige mit dauerhaftem Pilotenentscheidungs- und Freigabeausschluss,umgesetzt
F-BRD-130,V2,SOLL,8.4 Ereignisse und Flight-Line-/Boarding-Ablauf,Sitzplatzzuordnung je Passagier innerhalb des Umlaufs.,,BP-04,Unit Zustandsautomat + Integration Verkauf/Umlauf + E2E erstes Vertical Slice,geplant
F-BRD-140,V3,KANN,8.4 Ereignisse und Flight-Line-/Boarding-Ablauf,"Vollständige Schwerpunktberechnung als getrenntes Pilotenwerkzeug mit echten Gewichten, Hebelarmen und Sitzpositionen; ohne Freigabewirkung für den organisatorischen Leitstand.",,BP-04,Unit Zustandsautomat + Integration Verkauf/Umlauf + E2E erstes Vertical Slice,geplant
F-BRD-150,V2,SOLL,8.4 Ereignisse und Flight-Line-/Boarding-Ablauf,Mehrere Flight Lines beziehungsweise Gates werden im Datenmodell ab V1 berücksichtigt; parallele Bedienung mehrerer Gates wird in V2 bereitgestellt.,,BP-04,Unit Zustandsautomat + Integration Verkauf/Umlauf + E2E erstes Vertical Slice,geplant
F-BRD-160,V1,MUSS,8.4 Ereignisse und Flight-Line-/Boarding-Ablauf,GELANDET beendet nicht automatisch die Flugzeugbelegung. Erst ABGESCHLOSSEN/VERFÜGBAR kennzeichnet Ausstieg und Bodenprozess als beendet und gibt das Flugzeug für den nächsten U…,,BP-05,Unit Queue/Gruppenschutz + Integration Sonderfälle + E2E No-Show/Umbuchung,umgesetzt
F-FLT-010,V1,MUSS,"8.5 Flotte, Piloten, Pausen und Tanken",Verwaltung der Flugzeugstammdaten einschließlich Ressourcengruppen-Zuordnung und Pflege im laufenden Betrieb.,,BP-03,Unit Invarianten + Integration Stammdaten/Constraints,umgesetzt
F-FLT-020,V1,MUSS,"8.5 Flotte, Piloten, Pausen und Tanken",Event-Status je Flugzeug: aktiv oder inaktiv für die Veranstaltung.,,BP-03,Unit Zustandsautomat + Integration Flottenkommando/Kapazität/Audit,umgesetzt
F-FLT-030,V1,MUSS,"8.5 Flotte, Piloten, Pausen und Tanken","Live-Status je Flugzeug mindestens: verfügbar, Boarding, im Flug, gelandet/deboarding, Tanken vorgemerkt, Tanken aktuell, Pause, Flugbetrieb unterbrochen und kurzfristig inaktiv…",,BP-08,Unit Zustandsautomat/Rollen + Integration Flottenzustände/Blocks/Kapazität/Audit + Browser Admin und Flight Director,umgesetzt
F-FLT-040,V1,MUSS,"8.5 Flotte, Piloten, Pausen und Tanken",Piloten werden ausschließlich über anonyme operative Codes ab P-01 geführt; Namen und Lizenzdaten sind ausgeschlossen.,,BP-03,ADR-0006 + Contract/Integration Anlegen-Deaktivieren/PIN + Browser Admin,umgesetzt
F-FLT-050,V1,MUSS,"8.5 Flotte, Piloten, Pausen und Tanken",Tanken vorgemerkt reserviert eine passende operative Lücke ohne feste Zusage; Tanken aktuell nimmt das Flugzeug aus der Disposition. Beide Zustände wirken sofort auf Prognose un…,,BP-08,Unit Kapazitätsreservierung + Integration Vormerkung/Aktuell/Prognose/Audit + Browser Admin,umgesetzt
F-FLT-060,V1,SOLL,"8.5 Flotte, Piloten, Pausen und Tanken",Je Flugzeug führt das System einen Umlaufzähler seit dem letzten Tanken mit konfigurierbarer Erinnerungsschwelle.,,BP-08,Unit Rollen/Verträge + Integration Umlaufzähler/Tankreset/Schwelle/Audit + Browser Admin,umgesetzt
F-FLT-070,V2,SOLL,"8.5 Flotte, Piloten, Pausen und Tanken","Geschätzte Kraftstoffbilanz je Flugzeug als organisatorische Erinnerungshilfe mit Startfüllstand, pauschalem Verbrauch, Warnschwelle und Korrektur beim Tanken; ohne Sicherheitsf…",,BP-08,Unit Blockierungen/Not-Halt + Integration Rollen/Audit + E2E laufender Flug,geplant
F-FLT-080,V1,MUSS,"8.5 Flotte, Piloten, Pausen und Tanken",Die aktuelle Ressourcengruppe und ihre Queue sind am Flugzeug sichtbar. Status- oder Gruppierungsänderungen lösen eine automatische Neuplanung aller abhängigen Prognosen aus.,,BP-08,E2E Flugzeug/Queue sichtbar + Pause sperrt Aufruf und setzt Prognose automatisch unsicher,umgesetzt
F-FLT-090,V1,SOLL,"8.5 Flotte, Piloten, Pausen und Tanken",Flugzeug- und Pilotencode-Pausen besitzen eine optionale Schätzdauer; tatsächliche Verfügbarkeit bleibt menschlich bestätigt.,,BP-08,ADR-0009/0028 + Contract/Rollen + Domain-/Worker-Integration offene/geschätzte/geplante Pause + Flight-Director-Betriebsplan mit Pilotencode + bestätigter Start/Ende/Audit,umgesetzt
F-PRG-010,V1,MUSS,"8.6 Prognose, Disposition und Kapazität","Für alle relevanten Prozesspunkte unterscheidet das System Planzeit, Prognosezeit und Ist-Zeit. Diese Werte werden getrennt gespeichert und angezeigt.",,BP-06,Unit Prognose/Disposition + Performance 1.000 Tickets/300 Umläufe + E2E Verzögerungskaskade,umgesetzt
F-PRG-020,V1,MUSS,"8.6 Prognose, Disposition und Kapazität",Ereignisbasierte und mindestens 30-sekündliche Neuberechnung während des aktiven Betriebs.,,BP-06,Domain Queue-Verfügbarkeit + Durable-Object-Alarm + gemeinsamer Prognose-Snapshot + paralleler Batch in verify_automatic_precall.mjs + Simulator-Zeitachse und synthetisches Live-FIDS,in Arbeit
F-PRG-030,V1,MUSS,"8.6 Prognose, Disposition und Kapazität","Die Prognose berücksichtigt mindestens Produktdauer, Flugzeugprofil, Boarding-, Flug-, Deboarding- und Pufferzeiten, aktuelle Flugzeugzustände, Pausen, Tanken, Unterbrechungen u…",,BP-06,ADR-0028 + Unit zeitabhängige Flugzeug-/Pilotencode-Bahnen und weiche Einschränkungen + Performance 1.000 Tickets/300 Umläufe + E2E Verzögerungskaskade,umgesetzt
F-PRG-040,V1,MUSS,"8.6 Prognose, Disposition und Kapazität",Bestätigte Messwerte des aktuellen Veranstaltungstags verdrängen historische Kaltstartwerte.,,BP-06,Worker-Auswahl taglokal vor historisch + Domain-Gewichtung + Architekturpolicy,in Arbeit
F-PRG-050,V1,MUSS,"8.6 Prognose, Disposition und Kapazität","Bei wenigen oder fehlenden Tagesmesswerten verwendet das System einen nachvollziehbaren Kaltstart aus Stammdaten und historischen Parametern, ohne die Prognose als hochsicher da…",,BP-06,Unit Prognose/Disposition + Performance 1.000 Tickets/300 Umläufe + E2E Verzögerungskaskade,umgesetzt
F-PRG-060,V1,SOLL,"8.6 Prognose, Disposition und Kapazität","Wetter-, Flugshow- und andere Unterbrechungsdauern wirken aktuell, werden aber nicht als Normaldauer gelernt.",,BP-06,ADR-0028 + Domain referenzverankerte Ausreißerfolge + Worker-Ausschluss überlappender Unterbrechungen + weiche Flugshow-/Wetterfenster + forecast-sample-policy-v1.md,in Arbeit
F-PRG-070,V1,MUSS,"8.6 Prognose, Disposition und Kapazität","Interne Rollen sehen konkrete Prognosezeitpunkte für Boarding, Start, Landung und Abschluss sowie die zugrunde liegende Unsicherheit.",,BP-06,Unit Prognose/Disposition + Performance 1.000 Tickets/300 Umläufe + E2E Verzögerungskaskade,umgesetzt
F-PRG-080,V1,MUSS,"8.6 Prognose, Disposition und Kapazität",Gegenüber Gästen werden Countdown oder Zeitfenster kommuniziert. Eine einzelne exakte Uhrzeit darf nicht als feste Zusage erscheinen; ein ungefähres Uhrzeitfenster ist zulässig.,,BP-06,Strikte öffentliche Verträge ohne exakte Prognosezeit + Integration Ticketstatus/FIDS + Unit Unterdrückung öffentlicher Fenster über 60 Minuten als Wird aktualisiert,umgesetzt
F-PRG-090,V1,SOLL,"8.6 Prognose, Disposition und Kapazität","Jede Prognose besitzt eine Qualitäts- oder Unsicherheitsangabe, z. B. hoch/mittel/gering oder ein Zeitintervall. Weit entfernte Fluggruppen erhalten breitere Intervalle.",,BP-06,ADR-0028 + Unit gekoppelte Varianzaggregation und Prognosequalität STABLE/CHANGING/UNCERTAIN + Contract-/Operations-DTO mit Qualitätsangabe und Zeitfenster,umgesetzt
F-PRG-100,V1,MUSS,"8.6 Prognose, Disposition und Kapazität",Das System erkennt Verspätungen und ungeplante Verlängerungen anhand ausbleibender Ereignisse und gemessener Abweichungen und aktualisiert den Folgeplan ohne manuelle Zeitkorrek…,,BP-06,Unit Prognose/Disposition: gemessene Ist-Dauern werden gewichtet; überfälliger Start Landung oder Abschluss wird auf Jetzt fortgeschrieben und verschiebt alle Folgemeilensteine; Worker-Anbindung und Mehrgeräte-Forecast-Konvergenz,umgesetzt
F-PRG-110,V1,MUSS,"8.6 Prognose, Disposition und Kapazität",Ungebundene Gruppen dürfen auf frühere kompatible Flugzeuge geplant werden; ab bestätigter Belegung nur menschlich.,,BP-06,ADR-0028 + Domain früheste gekoppelte Verfügbarkeitsbahn + flugzeugzentrierte Auswahl + paralleler GO-TO-GATE-Batch ohne Flugzeugbindung + keine automatische Änderung nach bestätigter Belegung,in Arbeit
F-PRG-120,V1,SOLL,"8.6 Prognose, Disposition und Kapazität","Prognose-Snapshots werden zu definierten Zeitpunkten gespeichert, damit Prognosegüte und Entwicklung nach dem Event ausgewertet werden können.",,BP-06,Architekturtest: Snapshot nach jedem erfolgreich persistierten Kommando mit Eventversion Qualität Intervall und vier Prognosezeitpunkten; D1-Update/Delete-Sperren; portable Sicherung; docs/architecture/forecast-snapshots-v1.md,umgesetzt
F-PRG-130,V1,MUSS,"8.6 Prognose, Disposition und Kapazität","Operative Eingriffe erfolgen grundsätzlich über reale Zustände und Ereignisse wie Pause, Tanken, Blockierung oder Wetterunterbrechung. Das direkte Überschreiben einzelner Folgez…",,BP-06,ADR-0028 + Contract-Negativtests ohne Prognose-Override + weicher Plan startet/endet nie automatisch + auditierte menschliche Bestätigung vorhandener Zustandskommandos,umgesetzt
F-KAP-010,V1,MUSS,"8.6 Prognose, Disposition und Kapazität","Das System berechnet laufend die realistisch verbleibende Kapazität je Produkt und Ressourcengruppe aus aktiven Flugzeugen, Prognosedauern, verbleibender Betriebszeit, offenen T…",,BP-06,Unit capacity + Integration Operations-API/Verkaufswächter,umgesetzt
F-KAP-020,V1,MUSS,"8.6 Prognose, Disposition und Kapazität",Kapazitätsampel je Produkt und Ressourcengruppe mit konfigurierbaren Schwellwerten; sichtbar an Kasse und Administration. Farben werden stets durch Text oder Symbol ergänzt.,,BP-06,Unit capacity + Contract OperationBoard + UI Kasse/Admin,umgesetzt
F-KAP-030,V1,MUSS,"8.6 Prognose, Disposition und Kapazität",Harter Verkaufsschluss zu einer konfigurierbaren Uhrzeit mit rechtzeitiger Vorwarnung. Er wirkt zusätzlich zur dynamischen Kapazitätsentscheidung.,,BP-06,Unit sale guard + Integration CONFIGURE_PRODUCT_SALES + UI Warnung,umgesetzt
F-KAP-040,V1,MUSS,"8.6 Prognose, Disposition und Kapazität",Produkte und Ressourcengruppen können live auf verkaufbar beziehungsweise nicht verkaufbar gesetzt werden; jede Änderung wird protokolliert.,,BP-06,Unit Rollen + Integration Produkt-/Ressourcengruppenkommando/Audit/Idempotenz,umgesetzt
F-KAP-050,V1,SOLL,"8.6 Prognose, Disposition und Kapazität","Die Kasse erhält eine konkrete, vorsichtige Verkaufsempfehlung je Produkt, einschließlich Restplätzen und Prognosefenster.",,BP-06,Unit capacity/forecast + Contract OperationBoard + UI Kasse,umgesetzt
F-KAP-060,V1,SOLL,"8.6 Prognose, Disposition und Kapazität",Bei geringer Prognosequalität muss die Verkaufsempfehlung konservativer ausfallen oder eine manuelle Freigabe verlangen.,,BP-06,Unit Qualitätsfaktor/Schwellen + Integration Verkaufswächter,umgesetzt
F-WET-010,V1,MUSS,"8.7 Wetter, Betriebsunterbrechung und Notfallmodus","Globale oder ressourcengruppenspezifische Wetter- und Betriebshinweise können gesetzt werden und erscheinen auf Bediengeräten, Monitoren und Status-Seiten. Ein Hinweis löst nich…",,BP-08,Contract/Rollen + Integration globaler/Gruppenhinweis/Audit/Public DTO + Browser Kasse/Flight Line/FIDS/Ticket/Admin,umgesetzt
F-WET-020,V1,MUSS,"8.7 Wetter, Betriebsunterbrechung und Notfallmodus","Flugbetrieb unterbrochen ist je Flugzeug, Ressourcengruppe oder gesamter Veranstaltung setzbar. Nicht betroffene Ressourcen laufen unverändert weiter.",,BP-08,Unit Rollen/Sale Guard + Integration Flugzeug/Gruppe/Event-Kapazität/NEXT/Audit + Browser Kasse,umgesetzt
F-WET-030,V1,MUSS,"8.7 Wetter, Betriebsunterbrechung und Notfallmodus","Hinweise, Unterbrechungen und deren Aufhebung werden mit Zeitstempel und auslösendem Gerät protokolliert.",,BP-08,Integration Event-/Gruppen-/Flugzeughinweis und Blockierung mit Gerät/Zeit/Audit,umgesetzt
F-WET-040,V1,SOLL,"8.7 Wetter, Betriebsunterbrechung und Notfallmodus",Für organisatorische Zwecke darf eine unverbindliche erwartete Mindestdauer oder ein Prüfzeitpunkt der Unterbrechung erfasst werden. Dies ist keine direkte manuelle Korrektur ei…,,BP-08,ADR-0028 + Contract expectedReviewAt und weiches Start-/Dauerfenster + Integration Event/Ressourcengruppe/Flugzeug-Block/Audit ohne Folgezeitüberschreibung,umgesetzt
F-NOT-010,V1,MUSS,"8.7 Wetter, Betriebsunterbrechung und Notfallmodus","Administrator, Leiter Flight Line und Flight Director können den Notfallmodus in maximal zwei Interaktionen auslösen.",,BP-08,Domain-Rollentest + E2E Leiterkommando + Browser Flight Line zwei Interaktionen,umgesetzt
F-NOT-020,V1,MUSS,"8.7 Wetter, Betriebsunterbrechung und Notfallmodus","Der Notfallmodus sperrt sofort Verkauf und neue Aufrufe, schaltet öffentliche Anzeigen auf neutralen Inhalt und kennzeichnet alle Bediengeräte deutlich.",,BP-08,E2E Verkauf/Aufruf/Public DTO + Browser globaler Notfallhinweis,umgesetzt
F-NOT-030,V1,MUSS,"8.7 Wetter, Betriebsunterbrechung und Notfallmodus",Laufende Flüge bleiben unverändert und können weiter mit GELANDET und ABGESCHLOSSEN dokumentiert werden.,,BP-08,E2E laufender Flug über GELANDET bis ABGESCHLOSSEN im Notfallmodus,umgesetzt
F-NOT-040,V1,MUSS,"8.7 Wetter, Betriebsunterbrechung und Notfallmodus",Das Aufheben des Notfallmodus erfordert die Administrator-PIN. Auslösung und Aufhebung werden protokolliert.,,BP-08,E2E falsche Rolle/PIN + Admin-Aufhebung + append-only Ledger,umgesetzt
F-MON-010,V1,MUSS,"8.8 Besucher-, FIDS- und Boardinganzeigen",Standard- und Terminal-FIDS zeigen denselben Stand; DEPARTED-Zeilen verschwinden nach konfigurierbarer Nachlaufzeit.,,BP-07,ADR-0009 und ADR-0022 + gemeinsamer PublicBoard-Vertrag + öffentliche G-Kennung + UI-/Browser-Nachlaufprüfung + lokale Simulator-FIDS-Projektion,umgesetzt
F-MON-020,V1,MUSS,"8.8 Besucher-, FIDS- und Boardinganzeigen","Der Boardingmonitor zeigt mehrere kommende Fluggruppen, Ticketnummern, Gate und nach Zuordnung das Flugzeug sowie eine Flottenstatuszeile.",,BP-07,E2E öffentliche Ticketlabels/Flugzeug/Flottenstatus + Browser Kiosk,umgesetzt
F-MON-030,V1,MUSS,"8.8 Besucher-, FIDS- und Boardinganzeigen","Monitore laufen im Vollbild-Kioskmodus, aktualisieren sich in Echtzeit, verbinden sich automatisch neu und benötigen während des Veranstaltungstags keinen manuellen Eingriff.",,BP-07,WebSocket-Reconnect/Poll-Fallback + persistente Event-/Gate-/Profilbindung + Kiosk-Runbook/Browser + synchrones lokales Simulator-Pop-out,umgesetzt
F-MON-040,V1,MUSS,"8.8 Besucher-, FIDS- und Boardinganzeigen","Personenbezogene Daten auf Monitoren sind ausgeschlossen. Angezeigt werden nur Ticket-/Fluggruppenkennungen, Produkte, Gates, Status und Betriebsinformationen.",,BP-07,E2E keine privaten Ticketcodes/Pilotendaten + Public-DTO-Contract + synthetische G-SIM-Projektionsprüfung,umgesetzt
F-MON-050,V1,MUSS,"8.8 Besucher-, FIDS- und Boardinganzeigen",Im Notfallmodus zeigen alle öffentlichen Monitore unverzüglich einen neutralen Hinweis ohne Aufrufe.,,BP-07,E2E FIDS ohne Gruppen + Ticketstatus SERVICE_PAUSED ohne Aufruf/Wartezeit,umgesetzt
F-MON-060,V1,MUSS,"8.8 Besucher-, FIDS- und Boardinganzeigen","Deutsches Standardprofil und vollständig englisches Terminalprofil mit WAITING, GO TO GATE, BOARDING, DELAYED und DEPARTED.",,BP-07,ADR-0009 + UI-Test beider direkt adressierbarer Profile und aller englischen Begriffe + Browser 16:9,umgesetzt
F-MON-070,V1,MUSS,"8.8 Besucher-, FIDS- und Boardinganzeigen","Statusfarben sind systemweit einheitlich, werden aber stets zusätzlich durch Text oder Symbol erläutert.",,BP-07,Gemeinsamer FIDS-Präsentationskern mit ausgeschriebenem Text und Symbolen + Browser Produktion/Simulator Desktop/schmal,umgesetzt
F-MON-080,V2,SOLL,"8.8 Besucher-, FIDS- und Boardinganzeigen","Die Anzeige kann je Gate, Flight Line oder Ressourcengruppe gefiltert werden; der parallele Mehr-Gate-Betrieb der Bedienoberfläche folgt in V2.",,BP-07,Gate-Anzeigefilter + Display-Kopplungstest für Veranstaltung/Gate/Profil,in Arbeit
F-BEN-010,V1,MUSS,8.9 Gastinformation und Benachrichtigung,"Jedes Ticket verlinkt per QR-Code auf eine öffentliche Status-Seite ohne Anmeldung. Sie zeigt Produkt, Fluggruppe, öffentlichen Status, verbleibende Wartezeit beziehungsweise Ze…",,BP-07,E2E QR-Ticketstatus ohne Login/Prognosefenster + Browser Desktop/mobil/live,umgesetzt
F-BEN-020,V1,MUSS,8.9 Gastinformation und Benachrichtigung,"Gäste können Web-Push-Benachrichtigungen je Ticket aktivieren, ohne App-Installation und ohne Telefonnummer.",,BP-07,"ADR-0024 + Unit iOS/Standalone + E2E Manifest-Startpfad, Zieltyp, Einwilligung und Widerruf; iOS-Originalhardware gemäß public-status-ios-v1.8.md ausstehend",umgesetzt
F-BEN-030,V1,MUSS,8.9 Gastinformation und Benachrichtigung,"Regelmäßiges adaptives GO TO GATE; Gate-Wartezeit und Qualität sind weiche Ziele, Belegung bleibt menschlich bestätigt.",,BP-07,ADR-0012 + Domain selectAutomaticPrecalls + Dreierbatch in verify_automatic_precall.mjs + exakt drei Audit-/Outbox-Einträge + Simulator-Zeitachse und Live-FIDS + Browser,in Arbeit
F-BEN-040,V1,MUSS,8.9 Gastinformation und Benachrichtigung,Benachrichtigungen können alternativ an der Kasse für die Ticketnummer aktiviert werden.,,BP-07,Kassen-QR öffnet ticketbezogene Aktivierung im Gastbrowser + Betriebsnachweis,umgesetzt
F-BEN-050,V2,SOLL,8.9 Gastinformation und Benachrichtigung,"SMS als zusätzlicher Kanal über einen externen Versanddienst mit Warteschlange, Wiederholung und sichtbarem Versandstatus.",,BP-07,Integration öffentliche DTOs/Consent + E2E Ticketstatus/FIDS/Push + Security Enumeration,geplant
F-BEN-060,V2,MUSS,8.9 Gastinformation und Benachrichtigung,Telefon-/Messenger-Einwilligung erst bei späterer Kanalerweiterung; V1 bleibt telefonnummernfrei.,,BP-07,ADR-0006 keine Telefon-/Messenger-Erfassung + E2E explizite Web-Push-Einwilligung,umgesetzt
F-BEN-070,V2,SOLL,8.9 Gastinformation und Benachrichtigung,"Bei relevanten Änderungen wie erheblicher Verschiebung, Unterbrechung, Gate-Wechsel oder Notfallmodus werden betroffene registrierte Gäste informiert.",,BP-07,Integration öffentliche DTOs/Consent + E2E Ticketstatus/FIDS/Push + Security Enumeration,geplant
F-BEN-080,V3,KANN,8.9 Gastinformation und Benachrichtigung,WhatsApp oder vergleichbarer Messenger über eine offizielle Business-Schnittstelle mit dokumentierter Einwilligung.,,BP-07,Integration öffentliche DTOs/Consent + E2E Ticketstatus/FIDS/Push + Security Enumeration,geplant
F-BEN-090,V1,MUSS,8.9 Gastinformation und Benachrichtigung,Handlungsorientierte öffentliche Zustände mit Bitte zum Gate sowie englischer Terminalabbildung.,,BP-07,Public-DTO-Enum + gemeinsame Statusabbildung für WARTEN/GO TO GATE/BOARDING/OFF-BLOCK/ON-BLOCK/ABGESCHLOSSEN/VERZÖGERT mit Symbol- und Copy-Unit-Test + Browser Hell/Dunkel,umgesetzt
F-BEN-100,V1,MUSS,8.9 Gastinformation und Benachrichtigung,Bei unsicherer oder unterbrochener Prognose zeigt die Status-Seite einen ehrlichen Hinweis statt eines scheinbar präzisen Countdowns.,,BP-07,Unit keine Vorbereitung bei Unsicherheit + E2E Unterbrechung/Notfall ohne Countdown,umgesetzt
F-HIS-010,V1,MUSS,"8.10 Historie, Protokoll und Auswertung","Flüge, Fluggruppen und Tickets werden dauerhaft gespeichert und sind nach Datum, Flugzeug, Pilot, Produkt, Ressourcengruppe, Slotnummer, Ticket und Status filterbar.",,BP-10,Vertragstest Filter/Pagination + SQL-Bindungstest + Integration Ticketkorrektur mit gelösten Zuordnungen/Berechtigung/Zeitraum,umgesetzt
F-HIS-020,V1,MUSS,"8.10 Historie, Protokoll und Auswertung","Unveränderliches, nur anfügendes Ereignisprotokoll mindestens für Verkauf, Storno, Umbuchung, Aufruf, Check-in, IM FLUG, GELANDET, ABGESCHLOSSEN, Zurückstellung, No-Show, Pilot-…",,BP-10,Architekturtest erzwingt alle Mindest-Ereignistypen und D1-Update/Delete-Sperrtrigger sowie verbotene Ledger-Mutationen; Integrationen Vertical Slice Ticketkorrektur Zurückstellung Flotte Stammdaten Notfall und Historien-API belegen Erzeugung/Abruf,umgesetzt
F-HIS-030,V1,SOLL,"8.10 Historie, Protokoll und Auswertung","Tagesbericht mit Flügen, Passagierzahlen, Prozess- und Wartezeiten sowie Ticket-Zählbericht je Produkt ohne Zahlungsdaten.",,BP-10,Format-Unit-Test + E2E Tagesabschluss ohne Zahlungsfelder in CSV und PDF,in Arbeit
F-HIS-040,V1,MUSS,"8.10 Historie, Protokoll und Auswertung",CSV-Export der fachlichen Rohdaten für Vereinsabrechnung und eigene Auswertungen.,,BP-10,GET exports/tickets.csv + Browser Admin + docs/operations/reports.md,umgesetzt
F-HIS-050,V2,SOLL,"8.10 Historie, Protokoll und Auswertung","Statistik-Dashboard über mehrere Veranstaltungen mit Durchsatz, Auslastung, Wartezeit und Prognosegüte.",,BP-10,Integration Historie/Export/Löschung + E2E Tagesabschluss,geplant
F-HIS-060,V1,SOLL,"8.10 Historie, Protokoll und Auswertung","Prognose-Snapshots und zugehörige Ist-Ergebnisse sind auswertbar, insbesondere Abweichung von Boarding-, Start- und Abschlussprognose.",,BP-10,Vertrag + gebundene/paginierte Historienabfrage + E2E Prognose-Ist-Abweichung für Boarding/Start/Landung/Abschluss + lokaler Wellenprofil-Simulator mit getrennten Tageszeiten und 25-Seed-Baseline,umgesetzt
F-HIS-070,V1,MUSS,"8.10 Historie, Protokoll und Auswertung","Kennzahlen wie Boardingdauer, Flugzeit, Bodenzeit, Umlaufzeit und Wartezeit besitzen im System eindeutige, dokumentierte Start- und Endereignisse.",,BP-10,docs/operations/metrics.md + Integration Ist-Ereignisse/Dashboard/Tageslauf,umgesetzt
F-ADM-010,V1,MUSS,8.11 Administration und Geräteverwaltung,Nur fachliche Planwerte und Aktivierung des adaptiven Voraufrufs; keine reguläre Pflege technischer Einzelschwellen.,,BP-10,ADR-0012 + kompatibler Vertrag + reduzierte Admin-Oberfläche + Browser,in Arbeit
F-ADM-020,V1,MUSS,8.11 Administration und Geräteverwaltung,"Stammdaten für Produkte, Ressourcengruppen, Flugzeuge, Pilotencodes und Gates; Zuordnung direkt an der Ressourcengruppe.",,BP-10,ADR-0008 + Migration 0040 Kurzzeichen + Integration Stammdaten/Audit + Browser kompakte Listen-/Editoransicht,in Arbeit
F-ADM-030,V1,MUSS,8.11 Administration und Geräteverwaltung,Gerätekopplung ohne persönliche Helferkonten: Der Administrator koppelt ein Gerät per QR-Code mit einer festen Rolle für die Veranstaltung. Kopplungen sind einzeln widerrufbar.,,BP-02,Unit Rollen/Verträge + Integration QR-Kopplung/Widerruf/PIN/Idempotenz + Browser Pairing,umgesetzt
F-ADM-040,V1,SOLL,8.11 Administration und Geräteverwaltung,"Geräteübersicht mit Rolle, Online-Status, letztem Kontakt und, soweit verfügbar, Akkustand.",,BP-02,Integration geschützte Geräteübersicht/Last-Seen + Browser Admin,umgesetzt
F-ADM-050,V1,MUSS,8.11 Administration und Geräteverwaltung,"Kritische Aktionen wie Storno, Aufheben des Notfallmodus, Löschen von Stammdaten und wesentliche Live-Konfigurationsänderungen erfordern eine Administrator-PIN.",,BP-02,Contract PIN-Pflicht + Integration falsche/richtige PIN und unveränderte Version + UI Kasse/Admin,umgesetzt
F-ADM-060,V1,SOLL,8.11 Administration und Geräteverwaltung,Kompakte Administrationsübersicht ohne Umsatzdaten; operative Flottensteuerung liegt beim Flight Director.,,BP-10,ADR-0009 + Contract OperationBoard.metrics + Browser Admin/Flight Director,in Arbeit
F-ADM-070,V2,KANN,8.11 Administration und Geräteverwaltung,Trainingsmodus mit Beispieldaten und vollständiger Rücksetzung; Trainingsdaten dürfen nicht in Auswertungen einfließen.,,BP-10,Integration Historie/Export/Löschung + E2E Tagesabschluss,geplant
F-ADM-080,V1,MUSS,8.11 Administration und Geräteverwaltung,Verwaltung mehrerer Veranstaltungen mit eventübergreifender Stammdatenbibliothek und Kopie einer Vorveranstaltung als Vorlage.,,BP-10,Authentifizierter Veranstaltungskatalog + explizite validierte Auswahl + Kopie/Archivierung,umgesetzt
F-ADM-090,V1,SOLL,8.11 Administration und Geräteverwaltung,"Dashboard Flight Director als primär lesende Gesamtsicht mit offenen Tickets, Ressourcenstatus, laufenden Flügen, Kapazität, Prognosen und Not-Halt.",,BP-10,Rollen-DTO + Read-only-Banner/Serverautorisierung + Browser Flight Director/Admin,umgesetzt
F-ADM-100,V1,MUSS,8.11 Administration und Geräteverwaltung,Die Administration verhindert technisch ungültige Ressourcengruppen-Zuordnungen und zeigt Konflikte vor dem Speichern verständlich an.,,BP-03,Unit Invarianten + Integration Stammdaten/Constraints,umgesetzt
F-INT-010,V1,MUSS,8.12 Schnittstellen und spätere Erweiterungen,"Die Architektur stellt eine dokumentierte interne Schnittstelle für Ereignisse und Statusabfragen bereit, damit spätere Datenquellen ohne Neuentwicklung des Kerns angebunden wer…",,BP-02,Dokumentierter typisierter Kommando-/Status-/Realtime-Vertrag + Adaptergrenze,umgesetzt
F-INT-020,V3,KANN,8.12 Schnittstellen und spätere Erweiterungen,"ADS-B- oder Flugbewegungsmonitoring zur Plausibilisierung von Start, Landung und ETA.",,BP-02,Unit Domänenverträge + Integration Autorisierung/Idempotenz/Concurrency + Reconnect,geplant
F-INT-030,V3,KANN,8.12 Schnittstellen und spätere Erweiterungen,Automatische Erkennung von Start und Landung als Vorschlag oder konfigurierbare automatische Ereignisquelle.,,BP-02,Unit Domänenverträge + Integration Autorisierung/Idempotenz/Concurrency + Reconnect,geplant
F-INT-040,V3,KANN,8.12 Schnittstellen und spätere Erweiterungen,"Digitale Passagierlisten werden, falls erforderlich, als separates Modul mit eigener Berechtigung, Rechtsgrundlage und Löschfrist umgesetzt; keine stillschweigende Erweiterung d…",,BP-02,Unit Domänenverträge + Integration Autorisierung/Idempotenz/Concurrency + Reconnect,geplant
F-INT-050,V3,KANN,8.12 Schnittstellen und spätere Erweiterungen,Online-Vorverkauf mit Kontingentsteuerung bleibt optional und darf den Vor-Ort-Regelbetrieb nicht voraussetzen.,,BP-02,Unit Domänenverträge + Integration Autorisierung/Idempotenz/Concurrency + Reconnect,geplant
F-INT-060,V4,KANN,8.12 Schnittstellen und spätere Erweiterungen,Mehrere Flugplätze und Mandantenfähigkeit für mehrere Veranstalter.,,BP-02,Unit Domänenverträge + Integration Autorisierung/Idempotenz/Concurrency + Reconnect,geplant
F-INT-070,V1,MUSS,8.12 Schnittstellen und spätere Erweiterungen,Parallele Geräte mit versionierten Kommandos und anonymen auslaufenden Flight Line-Betreuungsreservierungen.,,BP-02,ADR-0009/0025 + Migration 0033 + Fleet-Integration für zwei unabhängige Flugzeugkommandos vom selben Eventstand sowie stale-same-aggregate-Konflikt; session-only Flight Line-Tests,umgesetzt
D-010,V1,MUSS,9 Datenanforderungen,"Flugzeug mit Pilotencode, Live-Status, optionaler Pausendauer und aktiver Ressourcengruppe.",,BP-03,Migration Pause + Unit Invarianten + Integration Stammdaten/Constraints,in Arbeit
D-015,V1,MUSS,9 Datenanforderungen,Ressourcengruppe mit aktiven Flugzeugzuordnungen und daraus abgeleiteter Kapazitätsspanne.,,BP-03,ADR-0008 + Unit abgeleitete Kapazität + Integration Stammdaten/Constraints,umgesetzt
D-016,V1,MUSS,9 Datenanforderungen,"Ressourcengruppen-Zuordnung: Flugzeug, Ressourcengruppe, gültig ab/bis, aktiv, Änderungsgrund und Protokollbezug.",,BP-03,Unit Invarianten + Integration Stammdaten/Constraints,umgesetzt
D-020,V1,MUSS,9 Datenanforderungen,"Produkt mit Preis, genau einer Ressourcengruppe und Verkaufsregeln; keine manuelle Referenzkapazität.",,BP-03,ADR-0008 + UPSERT_PRODUCT + D1 Konflikt-/Idempotenztest + Browser Admin/FIDS,umgesetzt
D-030,V1,MUSS,9 Datenanforderungen,"Anonymes Ticket ohne Namen, Telefonnummern oder Zahlungsdaten; Web-Push-Registrierung getrennt.",,BP-04,ADR-0006/0008 + Contract-/Backuptests ohne Telefon-/Zahlungsfelder + Integration Verkauf/Umlauf,umgesetzt
D-040,V1,MUSS,9 Datenanforderungen,"Buchungsgruppe: Gruppen-ID, Größe, zugehörige Tickets, Gruppenbindung, Standby-Regel und gegebenenfalls Aufteilung auf unmittelbar aufeinanderfolgende Fluggruppen.",,BP-05,D1 ticket_groups/tickets/rotation_tickets + Domain Splitplan + Integration vollständige Suchprojektion/Folgeslots/gruppenweite Mutation + sichtbare Gruppenkennzeichnung/Aufteilungsbestätigung/Disposition + responsive Browserabnahme,umgesetzt
D-045,V1,MUSS,9 Datenanforderungen,"Fluggruppe/Slot: stabile Tageskennung, Produkt, Ressourcengruppe, Tickets, Queue-Position, öffentliche Statusinformation, prognostizierte Zeitfenster und gegebenenfalls zugeordn…",,BP-05,Normalisiertes D1-Modell + Unit ticket-data-model + Contract OperationBoard/PublicTicketStatus/PublicBoard + test:vertical-slice + test:public-monitors; historisches Umlauf-Gate in allen Projektionen,umgesetzt
D-050,V1,MUSS,9 Datenanforderungen,"Umlauf mit Fluggruppe, Flugzeug, anonymem Pilotencode, Gate, Tickets und vollständiger Plan-/Prognose-/Ist-Zeitlinie.",,BP-04,Contract OperationBoard + Unit Schema/Rolle/Audit + Integration vertical-slice + Backup-Restore,umgesetzt
D-055,V1,SOLL,9 Datenanforderungen,"Prognose-Snapshot: Erstellzeitpunkt, Bezug, prognostizierte Prozesszeiten, Zeitfenster, Qualitätsstufe, verwendete Datengrundlage und Auslöser der Neuberechnung.",,BP-06,Migration 0018/0029 + Append-only-Test + E2E Realtime-Recompute mit Auslöser/Datengrundlage/Ist-Abweichung,umgesetzt
D-060,V1,MUSS,9 Datenanforderungen,"Anonymer operativer Pilotencode mit Aktivität, Zuordnung und nicht personenbezogener Bemerkung.",,BP-03,ADR-0006 + E2E Aktivität/Zuordnung/Bemerkung ohne Namen oder Lizenzdaten,umgesetzt
D-065,V1,MUSS,9 Datenanforderungen,"Blockierung, Unterbrechung oder Pause mit optionalem Rückkehr-/Prüfzeitpunkt und bestätigter Aufhebung.",,BP-08,Migration 0046 + D1 Planned Operational Constraints/Operational Blocks + versionierte Kommandos + menschlich bestätigter Start/Ende + Audit/Backup/Löschung,umgesetzt
D-070,V1,MUSS,9 Datenanforderungen,"Gate/Flight Line: Bezeichnung, Art, zugeordnete Ressourcengruppen und Anzeigefilter.",,BP-03,Migration 0031 + Contract + Worker/D1-Integration Gate-Zuordnungen/Produkt-/Statusfilter + öffentlicher Filter + typisierter Admin-Editor/Browserabnahme,umgesetzt
D-080,V1,MUSS,9 Datenanforderungen,"Gerät: Bezeichnung, Rolle, Kopplung, letzter Kontakt, aktiv und technische Statusinformationen.",,BP-02,E2E gekoppelte Geräterolle/letzter Kontakt + Admin-Geräteliste + Display-Kontextbindung,umgesetzt
D-090,V1,MUSS,9 Datenanforderungen,"Ereignis: fortlaufende ID, Zeitstempel, Ereignistyp, Quelle, auslösendes Gerät, fachlicher Bezug, Nutzdaten und gegebenenfalls Korrekturbezug.",,BP-10,E2E Ereignisverlauf mit Gerät/Aggregat/Nutzdaten/Korrekturbezug,umgesetzt
D-100,V1,MUSS,9 Datenanforderungen,"Veranstaltung: Name, Datum, Flugplatz, Zeitzone, Parameter, Notfallstatus, Betriebsphasen und Archivkennzeichen.",,BP-03,Unit Invarianten + Integration Stammdaten/Constraints,umgesetzt
D-110,V1,MUSS,9 Datenanforderungen,"Benachrichtigungsregistrierung: Ticketbezug, Kanal, Zielkennung soweit erforderlich, Einwilligung, Status und Löschzeitpunkt.",,BP-07,D1 Push-Abonnement/Zustellqueue + E2E Einwilligung/Frist/Deduplizierung/Widerruf,umgesetzt
Q-UX-010,V1,MUSS,10.1 Bedienbarkeit und Oberfläche,"Alle Bedienoberflächen sind für Fingerbedienung auf Tablets ausgelegt: große Bedienelemente, hoher Kontrast für Sonnenlicht und maximal eine hervorgehobene Primäraktion je Arbei…",,BP-04,"Responsive Browserprüfung 430 × 900 und 1280 × 720, 44-px-Touchziele und Hauptaktionsprüfung dokumentiert; Sonnenlicht-/Originalhardwareprüfung ausstehend",in Arbeit
Q-UX-020,V1,MUSS,10.1 Bedienbarkeit und Oberfläche,"Ein-Bildschirm-Kasse, Flight Director, mobile Assistenz und kompakte Administration mit bedarfsweise geöffneten Editoren.",,BP-04,"Kompakte Administration mit gemeinsamer Top-Leiste, Flight Director ohne Horizontalüberlauf ab 1024 CSS-Pixel sowie eigenständige Flight Line-Ansicht mit touchbereinigten Iconzuständen im Browser geprüft; Originalhardwareabnahme ausstehend",in Arbeit
Q-UX-030,V1,MUSS,10.1 Bedienbarkeit und Oberfläche,Häufige Aktionen sind ohne Bestätigungsdialog ausführbar und mindestens zehn Sekunden rückgängig zu machen. Weitreichende destruktive Aktionen erfordern PIN oder explizite Bestä…,,BP-04,"NEXT ohne Dialog, sichtbares Undo und Wiederherstellung per Browser geprüft; PIN-Fokus geprüft; vollständige Rollenabnahme ausstehend",in Arbeit
Q-UX-040,V1,MUSS,10.1 Bedienbarkeit und Oberfläche,"Statusbegriffe, Farben und Symbole sind systemweit einheitlich.",,BP-04,"Gemeinsame Statusdarstellung und Theme-Variablen, dokumentierte App-Icon-Familie für Hauptmarke/Kasse/Flight Director/Flight Line/FIDS/Admin/Ticket sowie Regressionstest für die freigegebene pure Lucide-Zuordnung im Ansichtsmenü einschließlich FIDS=Monitor; vollständiger Light/Dark-Geräteabgleich ausstehend",in Arbeit
Q-UX-050,V1,MUSS,10.1 Bedienbarkeit und Oberfläche,"Doppelte Eingaben dürfen keine doppelten Buchungen, Ereignisse oder Statuswechsel erzeugen.",,BP-04,"Unit Zustandsautomat + Integration Verkauf/Umlauf + E2E erstes Vertical Slice; V1.8-UI-Test hält Busy bis zur sichtbaren Board-, Listen- und Druckprojektion",umgesetzt
Q-UX-060,V1,MUSS,10.1 Bedienbarkeit und Oberfläche,Die deutsche Bedienoberfläche muss nach höchstens zehn Minuten Einweisung je Helferrolle sicher bedienbar sein.,,BP-04,Deutsche Rollenoberflächen + Feldabnahmeprotokoll mit definierten Aufgaben; Durchführung mit Helfern ausstehend,in Arbeit
Q-UX-070,V1,MUSS,10.1 Bedienbarkeit und Oberfläche,Umschaltbares helles und dunkles Farbschema auf allen Bedienoberflächen.,,BP-04,Browser Hell/Dunkel auf Administration/Kasse/Flight Director/Flight Line/FIDS,in Arbeit
Q-UX-080,V1,MUSS,10.1 Bedienbarkeit und Oberfläche,"Öffentliche Ansichten formulieren handlungsorientiert und vermeiden interne Fachbegriffe, wenn diese für Gäste nicht erforderlich sind.",,BP-04,Public-DTO-Texte + Browser Ticketstatus/FIDS Desktop/mobil,umgesetzt
Q-ZUV-010,V1,MUSS,10.2 Zuverlässigkeit und Verbindungsverhalten,Status- und Prognoseänderungen sind im Normalbetrieb innerhalb von zwei Sekunden auf allen verbundenen Geräten sichtbar.,,BP-02,E2E zwei Geräte maximal 27 ms + Browser Kasse/FIDS 408 ms + versionsbewusstes Single-Flight-Board-Sync mit höchstens einem Folgeabruf,umgesetzt
Q-ZUV-020,V1,MUSS,10.2 Zuverlässigkeit und Verbindungsverhalten,"Verbindungs-, Server- und D1-Fehler leeren die Oberfläche nicht; letzter bestätigter Stand bleibt mit Alter sichtbar und Schreibaktionen bleiben gesperrt.",,BP-09,Integration D1-Fehler/Offline-Replay/Konflikte + E2E Ausfall/Wiederverbindung,in Arbeit
Q-ZUV-030,V1,MUSS,10.2 Zuverlässigkeit und Verbindungsverhalten,Nach einer Störung stellen Geräte die Verbindung automatisch wieder her und gleichen den Zustand vollständig ab; ein manueller Neustart ist nicht erforderlich.,,BP-02,Unit Domänenverträge + Integration Autorisierung/Idempotenz/Concurrency + Reconnect,umgesetzt
Q-ZUV-040,V1,MUSS,10.2 Zuverlässigkeit und Verbindungsverhalten,Widersprüchliche parallele Bedienung wird serverseitig konfliktgeprüft aufgelöst. Kein Gerät darf einen neueren Zustand mit einem veralteten Stand überschreiben.,,BP-02,ADR-0025 + FIFO-Durable-Object + aggregatbezogene Preconditions; Fleet-Integration akzeptiert unabhängige Flugzeuge und verwirft stale write auf dasselbe Flugzeug,umgesetzt
Q-ZUV-050,V1,MUSS,10.2 Zuverlässigkeit und Verbindungsverhalten,Das System ist für mindestens zwölf Stunden durchgehenden Veranstaltungseinsatz ohne Neustart ausgelegt.,,BP-12,Isolierter Zustands-/Realtime-Langlauf implementiert; Reconnect-Diagnose und ungekürzter 12-h-Abnahmelauf laufen beziehungsweise ausstehend,in Arbeit
Q-ZUV-060,V1,MUSS,10.2 Zuverlässigkeit und Verbindungsverhalten,"Verfügbarkeit der zentralen Serverumgebung während des Veranstaltungszeitraums mindestens 99,5 Prozent; geplante Wartung an Veranstaltungstagen ist ausgeschlossen.",,BP-11,12-h Cloudflare-Abnahme: 720/720 Web-/Worker-/D1-Intervalle verfügbar; 100 Prozent ohne Wartungsausschluss,umgesetzt
Q-ZUV-070,V1,MUSS,10.2 Zuverlässigkeit und Verbindungsverhalten,Für Totalausfall der Verbindung besteht eine dokumentierte Papier-Rückfallebene einschließlich geregelter Wiedereinpflege nach Wiederanlauf.,,BP-09,Integration Offline-Replay/Konflikte + E2E 60-s-Verbindungsabbruch,umgesetzt
Q-PER-010,V1,MUSS,10.3 Performance und Mengengerüst,Lokale Reaktion der Bedienoberfläche auf Eingaben unter 300 ms; serverseitiger Abschluss eines Standardverkaufs im Normalbetrieb unter zwei Sekunden.,,BP-04,"Skalierungsintegration 24.07.2026: Verkaufsbestätigung 36 ms; Edge-CDP-Browsermessung mit je 100 sichtbaren Reaktionen Desktop/Mobil: p95 18,1/18,0 ms und Maximum 18,6 ms",umgesetzt
Q-PER-020,V1,MUSS,10.3 Performance und Mengengerüst,"Auslegung mindestens auf 20 gleichzeitig verbundene Geräte, 1.000 Tickets, 300 Flugumläufe je Veranstaltungstag und fünf Jahre Historie ohne spürbare Verschlechterung.",,BP-12,"Reproduzierbarer Skalierungslauf mit 20 WebSockets/Parallelabrufen, 1.000 Tickets, 300 Umläufen, 60 Monaten und 6.000 Historienereignissen; p95 1.061 ms",umgesetzt
Q-PER-030,V1,MUSS,10.3 Performance und Mengengerüst,Eine vollständige Neuberechnung der V1-Prognose für alle offenen Fluggruppen erfolgt im festgelegten Mengengerüst in höchstens zwei Sekunden.,,BP-06,Entprellte persistierte Neuberechnung für 300 offene Umläufe einschließlich 150-ms-Debounce in 289 ms; nicht mehr im Aktions-Bestätigungspfad,umgesetzt
Q-SIC-010,V1,MUSS,"10.4 Sicherheit, Datenschutz und Zugriffsschutz",Sämtliche Kommunikation erfolgt verschlüsselt über HTTPS/TLS.,,BP-02,Unit HTTPS-Redirect/lokale Ausnahme + Live-Cloudflare 308/HTTPS/HSTS/CSP/Sicherheitsheader,umgesetzt
Q-SIC-020,V1,MUSS,"10.4 Sicherheit, Datenschutz und Zugriffsschutz","Schreibzugriff ist nur über eine gültige serverseitige Sitzung mit passender Kontorolle zulässig; Konto, Sitzung und serverseitig erzeugte technische Herkunft bleiben auditierbar.",,BP-02,"ADR-0010; Session-Cookie-/Rollen-Tests; Produktionspfad ignoriert Geräte-Header; Worker injiziert Konto-, Sitzungs- und Herkunftskontext",umgesetzt
Q-SIC-030,V1,MUSS,"10.4 Sicherheit, Datenschutz und Zugriffsschutz",Die öffentliche Status-Seite gibt ausschließlich Informationen zum jeweiligen nicht erratbaren Ticketcode preis. Aufzählbarkeit und automatisierte Fehlversuche werden begrenzt.,,BP-07,Integration öffentliche DTOs/Consent + E2E Ticketstatus/FIDS/Push + Security Enumeration,umgesetzt
Q-SIC-040,V1,MUSS,"10.4 Sicherheit, Datenschutz und Zugriffsschutz","Es werden keine Werbung, kein Tracking und keine externen Analysedienste eingebunden.",,BP-07,Abhängigkeits-/Quellcodeprüfung ohne Werbung Tracking oder Analytics,umgesetzt
Q-DSG-010,V1,MUSS,"10.4 Sicherheit, Datenschutz und Zugriffsschutz",Im Kernsystem werden keine Gastnamen oder sonstigen nicht erforderlichen Personendaten erfasst. Der Betrieb funktioniert vollständig ohne Telefonnummer.,,BP-07,ADR-0006 + strikte anonyme Contracts + Schema-/Backup-/UI-Prüfung,umgesetzt
Q-DSG-020,V1,MUSS,"10.4 Sicherheit, Datenschutz und Zugriffsschutz",Push-Registrierungen werden fristgerecht gelöscht oder irreversibel entkoppelt; V1 speichert keine Telefonnummern.,,BP-10,Unit Frist ab Veranstaltungsende + täglicher Löschjob + Ausschluss aus R2-Backup,umgesetzt
Q-DSG-030,V1,MUSS,"10.4 Sicherheit, Datenschutz und Zugriffsschutz",Einwilligungen werden mit Zeitpunkt und Kanal dokumentiert; Datenschutzhinweise sind auf der Status-Seite abrufbar.,,BP-07,"E2E Einwilligungszeitpunkt, Zieltyp und Widerruf + schließbarer Browser-Dialog Datenschutz ohne Routenverlust; kein großer Datenschutzblock",umgesetzt
Q-DSG-040,V1,MUSS,"10.4 Sicherheit, Datenschutz und Zugriffsschutz",Personenbezogene Daten werden ausschließlich in Rechenzentren innerhalb der EU verarbeitet; erforderliche Auftragsverarbeitungsverträge und Angaben für das Verarbeitungsverzeich…,,BP-11,"D1/R2/DO-EU-Nachweis + technisches Verarbeitungsinventar; offizieller Cloudflare-Abgleich belegt offene Regional-Services/CMB-, DPA-, Subprozessor- und Web-Push-Entscheidung im Betreiberprotokoll",in Arbeit
Q-DSG-050,V3,MUSS,"10.4 Sicherheit, Datenschutz und Zugriffsschutz",Ein späteres Passagierlistenmodul ist technisch und berechtigungsseitig vom datensparsamen Ticketing zu trennen.,,BP-10,Integration Historie/Export/Löschung + E2E Tagesabschluss,geplant
Q-WAR-010,V1,MUSS,"10.5 Wartbarkeit, Erweiterbarkeit und Betriebskosten","Verwendung verbreiteter, quelloffener Standardtechnologien ohne exotische Abhängigkeiten; ein erfahrener Webentwickler kann sich ohne Herstellerbindung einarbeiten.",,BP-11,Abhängigkeits-Allowlist + Architekturtest Domain ohne UI/HTTP/Datenbank/Cloudflare + Wartbarkeitsdokumentation,umgesetzt
Q-WAR-020,V1,MUSS,"10.5 Wartbarkeit, Erweiterbarkeit und Betriebskosten","Betriebliche Parameter, Texte, Schwellenwerte, Referenzzeiten und Gewichtsklassen sind ohne Programmänderung konfigurierbar.",,BP-03,Vertrags-/UI-/Persistenz-Coverage + Stammdatenintegration + dokumentierte Konfigurationsmatrix,umgesetzt
Q-WAR-030,V1,SOLL,"10.5 Wartbarkeit, Erweiterbarkeit und Betriebskosten","Laufende Grundbetriebskosten für Hosting, Domain und Zertifikate sollen ohne Mobilfunk- und volumenabhängige Versandkosten höchstens 15 Euro je Monat betragen. Abweichungen sind…",,BP-11,"Offizielle Cloudflare-Preise geprüft 14.07.2026 + reales Acceptance-Mengengerüst + synthetischer Skalierungstest; Workers Paid 5 USD, D1/R2/DO innerhalb Grundkontingenten, TLS 0 EUR und Domainreserve 2 EUR; erwartete Summe unter 8 EUR",umgesetzt
Q-WAR-040,V1,MUSS,"10.5 Wartbarkeit, Erweiterbarkeit und Betriebskosten","Die Architektur ermöglicht V2 bis V4 ohne Neuentwicklung des Kerns; insbesondere sind Ressourcengruppen, mehrere Produkte je Gruppe, Gates, Mehrveranstaltungsbetrieb, Sitzplätze…",,BP-03,Architekturtest Ressourcengruppen/Mehrprodukt/Gates/Mehrveranstaltung/Sitzplätze/Adaptergrenze + Dokumentation,umgesetzt
Q-WAR-050,V1,MUSS,"10.5 Wartbarkeit, Erweiterbarkeit und Betriebskosten","Prognoseverfahren, Zustandsautomaten und fachliche Invarianten sind in einer für Betreiber und zukünftige Entwickler nachvollziehbaren technischen Dokumentation beschrieben.",,BP-01,ADR-0028 + docs/architecture/domain-state-and-forecast-v1.md + npm run docs:verify + npm run check,umgesetzt
T-010,V1,MUSS,11 Technische Rahmenbedingungen,Die Lösung ist eine responsive Progressive Web App; eine Installation aus einem App-Store ist nicht erforderlich.,,BP-12,React/Vite-PWA + stabile ansichtsspezifische Standalone-Manifeste/Startpfade für Kasse Flight Director Flight Line FIDS Admin und öffentliche Statusseiten + Service Worker/Navigation-Fallback + getrennte Favicon-/Apple-180-/reguläre 192/512-/Maskable-192/512-Familien + serverseitige Erst-HTML-Metadaten + Produktionsbuild + responsive Browsernachweise,umgesetzt
T-020,V1,MUSS,11 Technische Rahmenbedingungen,"Unterstützt werden aktuelle Versionen von Chrome, Safari und Edge auf Android-Tablets, iPads und Windows-PCs.",,BP-12,"Automatisierter Abnahmetag erfolgreich; WebKit-Regressionstests für Cookie-only Operations-Transport, GET-only XHR-Fallback und blockerneutralen /api/control-Präfix; Browser-/Originalhardwarematrix und Generalprobe ausstehend",geplant
T-030,V1,MUSS,11 Technische Rahmenbedingungen,Zentraler Betrieb in einem EU-Rechenzentrum. Am Veranstaltungsort erfolgt die Anbindung über LTE/5G; ein Dual-SIM-Router unterschiedlicher Netzbetreiber wird empfohlen.,,BP-11,Reale Wrangler-Accountprüfung 14.07.2026: D1 jurisdiction eu/EEUR ohne globale Lesereplikation; R2 über EU-Jurisdiktion in EEUR; R2-Binding und Durable Object fordern eu; LTE/5G-Dual-SIM als Betriebsanweisung dokumentiert,umgesetzt
T-035,V1,MUSS,11 Technische Rahmenbedingungen,"Bediengeräte besitzen lokale Zwischenspeicherung und Offline-Queue für kurze Ausfälle. Ein optionaler lokaler Edge-Betrieb darf später ergänzt werden, ohne das fachliche Modell…",,BP-09,Integration Offline-Replay/Konflikte + E2E 60-s-Verbindungsabbruch + Kassen-V2-Entwurf nur nach Offline-Benutzeränderung,umgesetzt
T-040,V1,MUSS,11 Technische Rahmenbedingungen,Monitore werden über handelsübliche Kiosk-Abspielgeräte betrieben und laden ihre Ansicht nach dem Einschalten automatisch im Vollbild.,,BP-07,Öffentliche kiosk=1-URL + Autostart-/Vollbild-Runbook + Browser Kiosk,umgesetzt
T-050,V1,MUSS,11 Technische Rahmenbedingungen,Automatische tägliche Datensicherung mit mindestens 14 Tagen Aufbewahrung sowie Sicherung vor Veranstaltungstagen; dokumentierter Wiederanlauf innerhalb von 30 Minuten.,,BP-11,Täglicher Cloudflare-Cron + automatische PRE_EVENT-Kennzeichnung nach Berliner Datum + R2-Prüfsumme/14-Tage-Retention; isolierter Vollschema-Restore mit Mengen/FK/Audit und 30-Minuten-Grenze in npm check; docs/operations/backup-restore.md,umgesetzt
T-060,V1,MUSS,11 Technische Rahmenbedingungen,"Zeitzonen- und sommerzeitfeste Verarbeitung, standardmäßig Europe/Berlin.",,BP-03,"IANA-Zeitzonenvertrag für Setup/Snapshots/Vorlagen; UTC-Persistenz und Event-Zeitzone für Eingabe, Anzeige und Auditfilter; Unit-Tests für Sommer-/Winteroffset, Tagesgrenze, DST-Lücke und doppelte Herbstzeit",umgesetzt
T-070,V1,MUSS,11 Technische Rahmenbedingungen,Getrennte Test-/Abnahmeumgebung und Produktivumgebung.,,BP-11,Restore-Test + Betriebs-/Datenschutzprüfung + Umgebungsabnahme,geplant
T-080,V1,MUSS,11 Technische Rahmenbedingungen,"Vollständiger Quellcode, Konfiguration und Deploymentbeschreibung gehen in das uneingeschränkte Nutzungsrecht des Auftraggebers über; ein Betreiberwechsel darf nicht durch propr…",,BP-11,Restore + Übergabe-/Providerwechselplan; Lizenzfreigabe offen,in Arbeit
T-090,V1,MUSS,11 Technische Rahmenbedingungen,Echtzeitaktualisierung erfolgt über eine geeignete Push-Technik mit automatischem Fallback und Wiederverbindung.,,BP-02,WebSocket mit 1–15-s-Reconnect/15-s-Polling + Unit/E2E/Browser,umgesetzt
T-100,V1,MUSS,11 Technische Rahmenbedingungen,"Die technische Umsetzung muss die fachlichen Ereignisse, Zustandsübergänge und Invarianten transaktional konsistent verarbeiten.",,BP-02,D1-Batch Zustand/Ledger/Idempotenz/Outbox + E2E Dublette/Stale/Übergänge,umgesetzt
F-ADM-110,V1,MUSS,8.11 Administration und Geräteverwaltung,"Kontenauswahl und mindestens sechsstellige PIN mit sicherer, neutraler Fehlerbehandlung.",,BP-02,Auth-API-Tests; gruppierte Kontenauswahl; PIN-Autofokus/Enter; Browserabnahme 17.07.2026,umgesetzt
F-ADM-120,V1,MUSS,8.11 Administration und Geräteverwaltung,Konten anlegen aktivieren deaktivieren PIN zurücksetzen und Sitzungen widerrufen.,,BP-02,Konten-/Sitzungstests; expliziter Sitzungswiderruf über session_version; Migration 0035 produktiv,umgesetzt
F-ADM-130,V1,MUSS,8.11 Administration und Geräteverwaltung,Interne Oberflächen geschützt; QR-Ticketstatus und öffentliche FIDS-Inhalte bleiben öffentlich.,,BP-02,Route-Guard-Test; geschützter Eventkatalog; öffentliche FIDS-Daten; autorisierte Display-Kopplung,umgesetzt
D-085,V1,MUSS,9 Datenanforderungen,Pseudonyme Helferkonten und widerrufbare Sitzungen ohne Klartext-PIN oder Sitzungstoken; technische Herkunft wird serverseitig erzeugt.,,BP-02,Migration 0035; PBKDF2-/Cookie-/Schema-Tests; Login ohne Browser-Geräte-ID; produktive Tabellenprüfung,umgesetzt
Q-UX-090,V1,MUSS,10.1 Bedienbarkeit und Oberfläche,Kompakte Desktopdichte und Editoren nur als Drawer oder Dialog.,,BP-04,Browserabnahme 1366 × 768 und 1920 × 1080 ohne Dokumentüberlauf; UI-Finish-Tests,umgesetzt
Q-UX-100,V1,MUSS,10.1 Bedienbarkeit und Oberfläche,Flight Director vollständig auf Desktop und iPad; Flight Line touchoptimiert und rollenberechtigt.,,BP-04,Getrennte Flight Director-/Flight Line-Routen; Browserabnahme iPad 1024 × 1366 und iPhone 390 × 844; responsive Tests,umgesetzt
Q-SIC-050,V1,MUSS,"10.4 Sicherheit, Datenschutz und Zugriffsschutz",Langsam gehashte PINs sichere Cookies Ablauf und serverseitige Begrenzung von Fehlversuchen.,,BP-02,PBKDF2 mit Salz; HttpOnly/Secure/SameSite-Tests; Idle-/Absolutablauf; konto- und herkunftsbezogene Begrenzung,umgesetzt
Q-WAR-060,V1,MUSS,"10.5 Wartbarkeit, Erweiterbarkeit und Betriebskosten",Modulare Webanwendung mit App-Shell Designsystem Auth und Featuregrenzen.,,BP-12,App.tsx als reine Komposition; schlanker FeatureRouter; acht dynamisch geladene Fachmodule; separater Operations-Workspace/API/Auth/Designsystem; Architekturtest und route-spezifische Build-Chunks,umgesetzt
V15-AUTH-010,V1,MUSS,Fortgeltendes Delta 1.5,Interne Sitzungen gelten 16 Stunden absolut ohne Idle-Ablauf.,,apps/worker/src/auth.ts,apps/worker/src/auth.test.ts,umgesetzt
V15-NAV-010,V1,MUSS,Fortgeltendes Delta 1.5,Gemeinsamer Ansichtswechsler mit sichtbar gesperrten Zielen.,,apps/web/src/app,apps/web/src/features/auth/event-selection.test.ts,umgesetzt
V15-ROLE-010,V1,MUSS,Fortgeltendes Delta 1.5,Flight Director verwendet die Rolle FLIGHT_DIRECTOR.,,packages/domain und apps/worker,packages/domain/src/index.test.ts,umgesetzt
V15-QUE-010,V1,MUSS,Fortgeltendes Delta 1.5,Buchungsgruppen bleiben einzeln und besitzen stabile Kommunikationsnummern.,,apps/worker/src/event-coordinator.ts packages/domain/src/communication-labels.ts und ADR-0022,Domain- und stabile Operations-/Kennungstests,umgesetzt
V15-QUE-020,V1,MUSS,Fortgeltendes Delta 1.5,Mehrgruppen-Aufrufe kombinieren nur vollständige kompatible Gruppen atomar.,,apps/worker/src/event-coordinator.ts,apps/worker/src/v1-5-stable-operations.test.ts,umgesetzt
V15-FLT-010,V1,MUSS,Fortgeltendes Delta 1.5,"MARK_OFF_BLOCK, MARK_ON_BLOCK und expliziter Turnaround-Abschluss.",,packages/contracts und packages/domain,packages/contracts/src/index.test.ts,umgesetzt
V15-FLT-020,V1,MUSS,Fortgeltendes Delta 1.5,Manuelle Anwesenheit und getrennte Gruppenaktionen ohne Scan.,,apps/worker/src/event-coordinator.ts,apps/worker/src/v1-5-stable-operations.test.ts,umgesetzt
V15-TKT-010,V1,MUSS,Fortgeltendes Delta 1.5,Ticketcodes bleiben bis zur Veranstaltungslöschung geschützt gespeichert.,,apps/worker/migrations/0036_v1_5_stable_operations.sql,apps/worker/src/v1-5-stable-operations.test.ts,umgesetzt
V15-TKT-020,V1,MUSS,Fortgeltendes Delta 1.5,Geschützter Nachdruck als QR-Ticketzettel ohne Kassenbon-Darstellung.,,apps/web/src/cashier-view.tsx,apps/worker/src/v1-5-stable-operations.test.ts,umgesetzt
V15-FIDS-010,V1,MUSS,Fortgeltendes Delta 1.5,Öffentliches FIDS benötigt keine Gerätekopplung.,,apps/worker/src/index.ts apps/web/src/fids-display.tsx und ADR-0022,PublicBoard- Integrations- und Browser-Kennungstest,umgesetzt
V15-FIDS-020,V1,MUSS,Fortgeltendes Delta 1.5,"Persistierte Ausblendfrist von 5 bis 900 Sekunden, Standard 15.",,apps/web/src/fids-display.tsx,apps/web/src/fids-display-ui.test.ts,umgesetzt
V15-BRAND-010,V1,MUSS,Fortgeltendes Delta 1.5,"PNG, JPEG, WebP und sicheres SVG mit Plane-Fallback.",,apps/worker/src/event-logo.ts index.ts Migration 0044 und apps/web/src/design-system/BrandMark.tsx,event-logo.test.ts event-logo-theme-routes.test.ts brand-mark.test.ts und Browserabnahme,umgesetzt
V15-EVT-010,V1,MUSS,Fortgeltendes Delta 1.5,Veranstaltungen können vollständig gelöscht werden.,,apps/worker/src/event-deletion.ts,apps/worker/src/event-deletion.test.ts,umgesetzt
V15-EVT-020,V1,MUSS,Fortgeltendes Delta 1.5,Nach Löschung der letzten Veranstaltung startet die Ersteinrichtung.,,apps/worker/src/index.ts,apps/worker/src/event-deletion.test.ts,umgesetzt
V15-EXP-010,V1,MUSS,Fortgeltendes Delta 1.5,Kontextbezogener anonymer Leistungsprofilexport.,,apps/worker/src/index.ts,apps/worker/src/event-deletion.test.ts,umgesetzt
V15-UI-020,V1,MUSS,Fortgeltendes Delta 1.5,Ein-Bildschirm-Abläufe und eigenständige iPad-/iPhone-Layouts.,,apps/web/src,visuelle Browserabnahme,umgesetzt
V15-IOS-010,V1,MUSS,Fortgeltendes Delta 1.5,Manuelle Safari- und PWA-Abnahme auf realem iPhone und iPad.,,docs/verification/ios-manual-v1.5.md,manuelle Hardwareabnahme,in Arbeit
V15-OPS-010,V1,MUSS,Fortgeltendes Delta 1.5,Rolleneinweisungen und leicht löschbare synthetische Testveranstaltung.,,docs/operations,manuelle Rollendurchläufe,umgesetzt
V16-KAS-010,V1,MUSS,Fortgeltendes Delta 1.6.0,Produktbezogene idempotente Verkaufsaktion an stabiler Position.,,apps/web/src/cashier-view.tsx,apps/web/src/cashier-v1-6.test.ts,umgesetzt
V16-KAS-015,V1,MUSS,Fortgeltendes Delta 1.6.0,Vollständig bedienbare kompakte Produktliste auch bei mehr als zwei Produkten.,,apps/web/src/cashier-view.tsx und cashier-v12.css,Komponententest und Browserabnahme mit drei Produkten,umgesetzt
V16-KAS-020,V1,MUSS,Fortgeltendes Delta 1.6.0,Dauerhaft reservierte Hinweisfläche ohne Layoutsprung.,,apps/web/src/features/cashier/cashier-v12.css,apps/web/src/cashier-v1-6.test.ts und Browserabnahme,umgesetzt
V16-KAS-030,V1,MUSS,Fortgeltendes Delta 1.6.0,Aktuelle cursorbasierte Kassenliste mit gezielter Revalidierung.,,apps/web/src/cashier-view.tsx apps/worker/src/index.ts und ADR-0022,Contracts- Worker- Suchkompatibilitäts- und Browsertests,umgesetzt
V16-KAS-040,V1,MUSS,Fortgeltendes Delta 1.6.0,Zuverlässiger auditierter Storno mit unmittelbarer Kapazitätsfreigabe.,,apps/worker/src/event-coordinator.ts und apps/web/src/cashier-view.tsx,scripts/verify_ticket_corrections.mjs und Browserabnahme,umgesetzt
V16-KAS-050,V1,MUSS,Fortgeltendes Delta 1.6.0,Keine neue Umbuchung; Korrektur durch Storno und Neuverkauf.,,packages/contracts packages/domain apps/worker und apps/web,Contracts- Domain- und Integrationstests,umgesetzt
V16-TKT-010,V1,MUSS,Fortgeltendes Delta 1.6.0,Gemeinsames lesbares 58-mm-Dokument für Vorschau und Druck.,,apps/web/src/cashier-view.tsx apps/worker/src/index.ts und ADR-0022,Druckmarkup- G-Kennungs- und Browserabnahme,umgesetzt
V16-TKT-020,V1,MUSS,Fortgeltendes Delta 1.6.0,Druck nur bei vollständigen Daten; Verkauf bleibt unabhängig gültig.,,apps/web/src/cashier-view.tsx,Druckbereitschafts- und Browsertests,umgesetzt
V161-UI-010,V1,MUSS,Fortgeltendes Delta 1.6.1,Zweispaltige Kasse ohne horizontales Abschneiden im iPad-Landscape-Bereich.,,apps/web/src/cashier-view.tsx und cashier-v12.css,Komponententest und Browserabnahme bei 1194×679 sowie Tablet-Portrait,umgesetzt
V161-UI-020,V1,MUSS,Fortgeltendes Delta 1.6.1,Genau ein Scroll-Eigentümer für Ticketliste und cursorbasiertes Nachladen.,,apps/web/src/features/cashier/cashier-v12.css,Komponententest und Browserabnahme mit gefüllter und leerer Ticketliste,umgesetzt
V161-UI-030,V1,MUSS,Fortgeltendes Delta 1.6.1,Ein globaler Footer entfällt; die aktuelle Releaseversion steht zugänglich in der oberen Navigation.,,apps/web/src/app/AppShell.tsx und AppHeader.tsx,apps/web/src/app/navigation.test.ts und Browserabnahme,umgesetzt
V161-FL-010,V1,MUSS,Fortgeltendes Delta 1.6.1,"Kompakte scrollbare Flugzeugtabelle mit deutschem Status, Zustandszeit und iPad-Darstellung.",,apps/web/src/flight-line-supervisor.tsx und flight-line-v12.css sowie apps/worker/migrations/0038_aircraft_state_changed_at.sql,Contract-/Migration-/UI-Tests und Browserabnahme Desktop/iPad,umgesetzt
V161-FL-020,V1,MUSS,Fortgeltendes Delta 1.6.1,Zeilenaktionen und Buchungsgruppenbelegung im zentrierten Dialog ohne Zeilenaufklappung.,,apps/web/src/flight-line-supervisor.tsx und design-system/components/ModalDialog.tsx,Flight-Line- und Designsystemtests sowie Fokusabnahme,umgesetzt
V161-FL-030,V1,MUSS,Fortgeltendes Delta 1.6.1,Separate konfliktgeprüfte und auditierte Pilotzuweisung bis Offblock.,,packages/contracts und packages/domain sowie apps/worker/src/event-coordinator.ts,Contract-/Rollen-/Worker-Tests und test:pilot-conflict,umgesetzt
V161-FL-040,V1,MUSS,Fortgeltendes Delta 1.6.1,Vollständige deutschsprachige Zeitlinie für aktuellen Umlauf und eine Historienzeile je Umlauf.,,packages/domain/src/index.ts und apps/web/src/flight-line-supervisor.tsx,Domain- und Flight-Line-UI-Tests sowie Browserablauf,umgesetzt
V17-KAS-010,V1,MUSS,Fortgeltendes Delta 1.7.0,Kompakte feste Produktzeilen mit gemeinsamem Gruppenzähler und eigener Verkaufsaktion.,,apps/web/src/cashier-view.tsx und features/cashier/cashier-v12.css,cashier-v1-6.test.ts und Browserabnahme mit drei Produkten,umgesetzt
V17-KAS-020,V1,MUSS,Fortgeltendes Delta 1.7.0,Geometrisch reservierte Aufteilungswarnung ohne wiederholte Bestätigung.,,apps/web/src/cashier-view.tsx und features/cashier/cashier-v12.css,cashier-v1-6.test.ts und responsive Browserabnahme,umgesetzt
V17-KAS-030,V1,MUSS,Fortgeltendes Delta 1.7.0,Operativ ausgeblendete Gewichtserfassung und ausschließlich generierte QR-Tickets bei erhaltener Vertragskompatibilität.,,apps/web/src/cashier-view.tsx und admin-view.tsx sowie apps/worker/src/event-coordinator.ts,cashier-guidance-ui.test.ts und Worker-Gesamttest,umgesetzt
V17-KAS-040,V1,MUSS,Fortgeltendes Delta 1.7.0,Gruppenzähler springt ausschließlich nach bestätigtem Verkauf auf eins zurück.,,apps/web/src/cashier-view.tsx,cashier-v1-6.test.ts und Verkaufsablauf im Browser,umgesetzt
V17-OPS-010,V1,MUSS,Fortgeltendes Delta 1.7.0,Kapazitäts- und statuskonsistenter segmentweiser Aufruf bewusst aufgeteilter Buchungsgruppen.,,packages/domain/src/queue.ts packages/contracts und apps/worker/src/event-coordinator.ts sowie index.ts,queue.test.ts split-booking-group.test.ts und scripts/verify_queue_grouping.mjs mit 4→3+1-Integration,umgesetzt
V17-TKT-010,V1,MUSS,Fortgeltendes Delta 1.7.0,Vollständige Ticketvorschau ohne Scrollbereich und zugänglicher QR-Scan-Dialog.,,apps/web/src/cashier-view.tsx und features/cashier/cashier-v12.css,cashier-v1-6.test.ts Drucktest und Browserdialog,umgesetzt
V17-UI-010,V1,MUSS,Fortgeltendes Delta 1.7.0,Sichtbarer Abstand zwischen Ticketstatus und Summe im iPad-Landscape-Layout.,,apps/web/src/features/cashier/cashier-v12.css,cashier-v1-6.test.ts und Browserabnahme 1194×679,umgesetzt
V17-UI-020,V1,MUSS,Fortgeltendes Delta 1.7.0,Schließbare gestapelte Top-Meldungen als layoutneutrale Seitenüberlagerung.,,apps/web/src/app/PageNotifications.tsx AppShell.tsx und operation-workspace.tsx,notification-overlay.test.ts und Browserabnahme gestapelter Meldungen,umgesetzt
V17-UI-030,V1,MUSS,Fortgeltendes Delta 1.7.0,Responsives Ansichtsmenü bleibt bis 320 CSS-Pixel vollständig und zugänglich im Viewport.,,apps/web/src/app/AppHeader.tsx und design-system/base.css,apps/web/src/app/navigation.test.ts und Browserabnahme bei 320/390/430 Pixeln,umgesetzt
V17-FL-010,V1,MUSS,Fortgeltendes Delta 1.7.0,Flight Line trennt Claim-Auswahl und Flugzeug-Arbeitsansicht mit ausschließlich manueller regulärer Freigabe.,,apps/web/src/flight-line-assist.tsx und flight-line-view.tsx,Flight Line-Komponententests und Browserablauf für Claim/Wiederherstellung/Freigabe,umgesetzt
V17-FL-020,V1,MUSS,Fortgeltendes Delta 1.7.0,Flight Line teilt Status Zeitlinie Historie und Zustandsaktionen mit Flight Director; FLIGHT_LINE darf Flugzeugzustände aber keine Piloten ändern.,,packages/domain/src/index.ts apps/worker/src/event-coordinator.ts und apps/web/src/flight-line-shared.tsx,Domain-/Worker-/UI-Tests test:fleet-operations und vollständiger Browserablauf,umgesetzt
V17-FL-030,V1,MUSS,Fortgeltendes Delta 1.7.0,Flight Line und Flight Director teilen eine verbundene Ist-Zeitlinie kompakte Aktionen semantische Unterzustandsfarben und konsistente Pilotenicons.,,apps/web/src/flight-line-shared.tsx flight-line-assist.tsx flight-line-supervisor.tsx und Flight-Line-CSS,flight-line-shared.test.ts UI-Tests und responsive Browserabnahme,umgesetzt
V17-UI-040,V1,MUSS,Fortgeltendes Delta 1.7.0,Transiente Aktionsmeldungen verschwinden zeitgesteuert; betriebliche Zustandsmeldungen bleiben persistent.,,apps/web/src/app/PageNotifications.tsx und aktionsauslösende Ansichten,notification-overlay.test.ts mit Timeout- und Routing-Prüfung sowie Browserabnahme,umgesetzt
V17-UI-050,V1,MUSS,Fortgeltendes Delta 1.7.0,Die scrollbare Flight-Line-Flugzeugauswahl verwendet eine schmale themefähige Desktop-Scrollbar ohne mobilen Dokumentüberlauf.,,apps/web/src/features/flight-line/flight-line-assist-v15.css,flight-line-assist-ui.test.ts und Browserabnahme Desktop/Mobil,umgesetzt
V171-HEAD-010,V1,MUSS,Fortgeltendes Delta 1.7.1,Einzeilige Kopfzeile außer FIDS mit iconbasiertem geschlossenem Ansichtsumschalter.,,apps/web/src/app/AppHeader.tsx design-system/base.css und Admin-CSS,Header-UI-Tests sowie ausgerichtete Admin-Browserabnahme,umgesetzt
V171-TIM-010,V1,MUSS,Fortgeltendes Delta 1.7.1,Gemeinsame achsengleiche fünfstufige Zeitlinie ohne Status-Hintergrundfläche.,,apps/web/src/flight-line-shared.tsx und Flight-Line-CSS,flight-line-shared.test.ts und Browserabnahme,umgesetzt
V171-AST-010,V1,MUSS,Fortgeltendes Delta 1.7.1,Fester scrollbarerer Flight-Line-Umlaufblock und einzeilige Pilotverwaltung.,,apps/web/src/flight-line-assist.tsx und flight-line-assist-v15.css,flight-line-assist-ui.test.ts und Browserabnahme,umgesetzt
V171-ACT-010,V1,MUSS,Fortgeltendes Delta 1.7.1,Stabile zugängliche Icon-Aktionsreihen in Flight Line und Flight Director.,,apps/web/src/flight-line-assist.tsx flight-line-supervisor.tsx und Flight-Line-CSS,Flight-Line-UI-Tests für Kurzzeichen Tank-Sperre Zurückstellen Touchzustände und responsive Browserabnahme,umgesetzt
V171-CLM-010,V1,MUSS,Fortgeltendes Delta 1.7.1,Loginbasierte 30-Minuten-Claims mit Aktivitätsverlängerung und revisionierter Übernahme.,,Contracts Migration Worker und Flight Line,flight-line-assist-claims.test.ts und Sitzungsautorisierungstests,umgesetzt
V171-ABT-010,V1,MUSS,Fortgeltendes Delta 1.7.1,Atomarer technischer Umlaufabbruch mit Queue-Rückstellung und INACTIVE-Flugzeug.,,packages/domain Contracts und apps/worker/src/event-coordinator.ts,Domain- Contract- Unit- und test:fleet-operations-Integration mit historischem Queue-Eintrag,umgesetzt
V171-PAU-010,V1,MUSS,Fortgeltendes Delta 1.7.1,Kompakter Pausendialog mit vier unmittelbar ausführenden Daueraktionen.,,apps/web/src/flight-line-view.tsx und flight-line-pause.ts,flight-line-supervisor-ui.test.ts und mobile Browserabnahme,umgesetzt
V171-SUP-010,V1,MUSS,Fortgeltendes Delta 1.7.1,Flight-Director-Tabelle ohne Status und Nächster Schritt mit Zeilenzeitlinie und Historienmodal.,,apps/web/src/flight-line-supervisor.tsx und Flight-Line-CSS,Flight Director-UI-Test und Desktop-Browserabnahme,umgesetzt
V171-TKT-010,V1,MUSS,Fortgeltendes Delta 1.7.1,Verkaufte Ticketgruppen nach soldAt und ID absteigend bei unveränderter Suche.,,apps/worker/src/index.ts und flight-line-supervisor.tsx,Flight Director-UI-Test und Browserabnahme,umgesetzt
V171-MSG-010,V1,MUSS,Fortgeltendes Delta 1.7.1,Keine Erfolgstoasts für erwartete lokale Standardaktionen.,,apps/web/src/flight-line-view.tsx und PageNotifications,UI-Quelltests und Browserabnahme,umgesetzt
V171-QA-010,V1,MUSS,Fortgeltendes Delta 1.7.1,Automatisierte und visuelle Abnahme der mobilen und Desktop-Layouts sowie Fachkonflikte.,,Workspace-Test- und Buildskripte sowie Kassen-V2-Entwurf und Migration 0040,Vollständiger Check Offline-Draft-Unit-Test Master-Data-Integration und Browserabnahme,umgesetzt
V172-FOC-010,V1,MUSS,Fortgeltendes Delta 1.7.2,Suchfelder verwenden genau einen zugänglichen Fokusrahmen am äußeren Container.,,apps/web/src/design-system/components.css,design-system/components.test.ts und Browserabnahme mit Tastaturfokus,umgesetzt
V172-CAS-010,V1,MUSS,Fortgeltendes Delta 1.7.2,"Kassenprodukte ohne Flugzeugsymbol und ohne horizontalen Überlauf; das vergrößerte, optisch nach links versetzte Ticketsymbol bleibt auch auf schmalen Ansichten layoutstabil.",,apps/web/src/cashier-view.tsx und features/cashier/cashier-v12.css,cashier-v12.test.ts und responsive Browserabnahme,umgesetzt
V172-SUP-010,V1,MUSS,Fortgeltendes Delta 1.7.2,"Responsive Flight-Director-Flugzeugtabelle mit kompakter Detailspalte, sechs Aktionen und größenstabil mittig ausgerichteter Zeitlinie.",,apps/web/src/flight-line-supervisor.tsx und features/flight-line/flight-line-v12.css,flight-line-supervisor-ui.test.ts und Flight Director-Browserabnahme,umgesetzt
V172-TKT-010,V1,MUSS,Fortgeltendes Delta 1.7.2,"Initial offene Tickets sowie kompakte Ticketmatrix mit stabiler Scrollbar, Symbolköpfen und unveränderter vertikaler Kopfposition beim Filtern.",,apps/web/src/flight-line-supervisor.tsx und features/flight-line/flight-line-v12.css,flight-line-supervisor-ui.test.ts und Ticketlisten-Browserabnahme,umgesetzt
V172-TIM-010,V1,MUSS,Fortgeltendes Delta 1.7.2,"Gemeinsame symbolische Zeitlinie mit Verbindungen nur zwischen Symbolkanten, gut lesbaren stabilen Zeitplätzen und einem nach Umlaufabschluss allein sichtbaren aktuellen Folgezustand.",,apps/web/src/flight-line-shared.tsx und Flight-Line-CSS,flight-line-shared.test.ts und Browserabnahme aller Endzustände,umgesetzt
V172-ACT-010,V1,MUSS,Fortgeltendes Delta 1.7.2,Vier direkte Abschlussaktionen mit serverseitig gesperrter Aktionsgruppe.,,apps/web/src/flight-line-view.tsx flight-line-assist.tsx und flight-line-supervisor.tsx,Flight Line- und Flight Director-UI-Tests sowie Browserabnahme der vier Abschlusswege,umgesetzt
V172-AST-010,V1,MUSS,Fortgeltendes Delta 1.7.2,"Kompakte Flight-Line-Arbeitsansicht mit aktuellem operativem Umlauf, Symbol-Zeit-Markern in Auswahl und Historie, 56-Pixel-Aktionen, getrennter Pilotverwaltung und stabiler Buchungsgruppenübersicht; redundante Status- und Zustandszeitangaben entfallen.",,apps/web/src/flight-line-assist.tsx und features/flight-line/flight-line-assist-v15.css,flight-line-assist-ui.test.ts und Browserabnahme ab 320×568,umgesetzt
V172-CLM-010,V1,MUSS,Fortgeltendes Delta 1.7.2,"Gelbe ungefüllte bewusste Übernahme, blau gefüllter größenstabiler Pendingzustand mit ausschließlich mittigem Spinner und neutraler Touch-Hover beim Aktualisieren.",,apps/web/src/flight-line-assist.tsx und Flight Line-CSS,flight-line-assist-ui.test.ts und Browserabnahme für Übernahme sowie Aktualisieren,umgesetzt
V172-QA-010,V1,MUSS,Fortgeltendes Delta 1.7.2,Automatisierte und visuelle Abnahme der festgelegten Light- und Dark-Viewports.,,Workspace-Test- und Buildskripte sowie UI-Konzepte,Vollständiger Check und Light-/Dark-Browserabnahme,umgesetzt
V173-FID-010,V1,MUSS,Fortgeltendes Delta 1.7.3,"Standard-FIDS mit Veranstaltungsname, rahmenlosem großem Logo oder freiem schlankem Plane-Fallback in blauer Markenfarbe und kompatibler Normalisierung aller Terminallinks.",,apps/web/src/fids-display.tsx FeatureRouter.tsx EventScopedApplication.tsx BrandMark.tsx sowie ADR-0015 und ADR-0022,fids-display-ui.test.ts fids-v12.test.ts brand-mark.test.ts G-Kennungstest und Browser-Konzeptvergleich,umgesetzt
V173-PRI-010,V1,MUSS,Fortgeltendes Delta 1.7.3,Aktive GO-TO-GATE- und BOARDING-Gruppen bilden unabhängig von Ressource und Produkt einen stabil queue-sortierten obersten Block; pausierte Gruppen sind verzögert.,,apps/worker/src/index.ts,public-board-priority.test.ts und Mehrressourcen-Abnahme,umgesetzt
V173-LAY-010,V1,MUSS,Fortgeltendes Delta 1.7.3,"Überlauffreie 100dvh-Anzeige mit exakt 4 bis 20 skalierten Zeilen, höchstens texthohen und ungefassten Lucide-Symbolen (users, clock-3, circle-arrow-right, tickets-plane, plane-takeoff), neutralem WARTEN und dezentem neutralem Footer-Trenner, kompakter schmaler Ansicht und zeilenweise verteilter Zweispaltenansicht ab 1280 Pixel.",,apps/web/src/fids-display.tsx features/fids/fids-v12.css und forecast-simulation/simulation-fids.ts,fids-display-ui.test.ts fids-v12.test.ts simulation-fids.test.ts und Produktions-/Simulator-Viewport-Abnahme,umgesetzt
V173-SET-010,V1,MUSS,Fortgeltendes Delta 1.7.3,"Zugänglicher dezenter Einstellungsbutton und bestätigungsgebundener Dialog für Zeilen, Layout, Theme und Abmeldung in der blauen UI-Akzentfarbe der Anwendung.",,apps/web/src/features/fids/FidsSettingsDialog.tsx und fids-view.tsx,fids-display-ui.test.ts und Dialog-Browserabnahme,umgesetzt
V173-AUT-010,V1,MUSS,Fortgeltendes Delta 1.7.3,DISPLAY-Konten sind administrierbar und bleiben auf FIDS beschränkt; ADMIN-Konten dürfen FIDS zusätzlich zu ihren Administrationsansichten und mit unveränderter Startseite verwenden.,,packages/contracts apps/worker/src/auth.ts apps/worker/src/index.ts und Web-Navigation,Contract- Domain- Auth- Navigations- und Autorisierungstests,umgesetzt
V173-SES-010,V1,MUSS,Fortgeltendes Delta 1.7.3,DISPLAY-Sitzungen laufen absolut 90 Tage ohne früheren Idle-Ablauf; andere Rollen bleiben bei 16 Stunden und alle Widerrufswege wirken sofort.,,apps/worker/src/auth.ts und Loginroute,auth.test.ts und Sitzungswiderrufstests,umgesetzt
V173-API-010,V1,MUSS,Fortgeltendes Delta 1.7.3,Versionierter FidsPreferences-Vertrag und kontobezogene GET-/PUT-Endpunkte; Public Board und Logo bleiben anonym.,,packages/contracts/src/index.ts apps/worker/src/index.ts und apps/web/src/api.ts,Contract- und fids-preferences.test.ts,umgesetzt
V173-DAT-010,V1,MUSS,Fortgeltendes Delta 1.7.3,"Präferenzupdates sind je Konto und Veranstaltung serialisiert, versioniert, idempotent, auditiert und atomar mit nicht sensitiver Outbox gespeichert.",,apps/worker/src/event-coordinator.ts event-deletion.ts und factory-reset.ts,fids-preferences.test.ts event-deletion.test.ts factory-reset.test.ts,umgesetzt
V173-OPS-010,V1,MUSS,Fortgeltendes Delta 1.7.3,"Migration 0041, D1-Time-Travel-Wiederherstellung, Löschreihenfolge und bewusster Ausschluss aus portablen Backups sind dokumentiert.",,apps/worker/migrations/0041_fids_display_accounts_and_preferences.sql und docs/operations,SQLite-Migrationsintegration und Backup-Dokumentationsprüfung,umgesetzt
V173-AST-010,V1,MUSS,Fortgeltendes Delta 1.7.3,"Mobile Flight-Line-Auswahl mit Ressourcengruppe und Plätzen statt unverbindlicher Fluggruppenkennung, optionaler eigener Ressourcenzeile, als gesamte Einheit vertikal zum linken Detailblock zentriertem Zustandsblock aus Symbol und stabiler Zeit darunter, neutraler Markerfläche und allein zustandsfarbigem Symbol samt Zeit, vollbreitem größenstabilem Übernahmebutton, gleichmäßig zweispaltiger Historie mit linksbündig beginnenden Symbolen und Werten ohne horizontalen Überlauf sowie gesperrten Aktionen während der Flugzeugfreigabe.",,apps/web/src/flight-line-assist.tsx und features/flight-line/flight-line-assist-v15.css,flight-line-assist-ui.test.ts und mobile Browserabnahme,umgesetzt
V173-QA-010,V1,MUSS,Fortgeltendes Delta 1.7.3,"Automatisierte und visuelle Abnahme deckt Rollen, Persistenz, Priorität, Themes, Viewports, Zeilenzahlen, Überlauf, Realtime und Offline-Stand ab.",,Workspace-Test- und Buildskripte sowie docs/ui/v1.10.0-release-concept.md,Vollständiger Check und Browserabnahme,umgesetzt
V18-BSY-010,V1,MUSS,Fortgeltendes Delta 1.8.0,Der auslösende asynchrone Button zeigt den größenstabilen zugänglichen Busy Indicator; andere gesperrte Buttons behalten ihren Inhalt.,,apps/web/src/design-system/components und asynchrone Anwendungsaktionen,components.test.ts sowie UI-Quelltests und Browserabnahme,umgesetzt
V18-TIM-010,V1,MUSS,Fortgeltendes Delta 1.8.0,"Kasse, Flight Line, FIDS und öffentliche Statusseiten zeigen prognostizierte Zeitfenster als absolute Veranstaltungszeiten.",,apps/web/src/time-window.ts sowie Kasse Flight Line FIDS und öffentliche Statusseiten,time-window.test.ts Contracttests und Browserabnahme,umgesetzt
V18-CAS-010,V1,MUSS,Fortgeltendes Delta 1.8.0,"Kassenliste und Detail entsprechen dem freigegebenen Delta mit Fluggruppenzeilen, Phasensymbolen, GoToGate-Aktiv, absolutem Fenster und Ticket drucken.",,apps/web/src/cashier-view.tsx und cashier-v12.css,cashier-v1-6.test.ts cashier-v12.test.ts und Browserabnahme,umgesetzt
V18-FLT-010,V1,MUSS,Fortgeltendes Delta 1.8.0,Verkaufte Tickets in Flight Line verwenden die verbindliche dreizehnspaltige Reihenfolge mit getrennten G- und F-Kennungen.,,apps/web/src/flight-line-supervisor.tsx und flight-line-v12.css,flight-line-sort.test.ts flight-line-supervisor-ui.test.ts und Browserabnahme,umgesetzt
V18-GRP-010,V1,MUSS,Fortgeltendes Delta 1.8.0,Eine Buchungsgruppe besitzt genau einen öffentlichen Gruppen-QR-Code und einen aggregierten Status für alle Teilflüge.,,apps/worker/src/index.ts apps/web/src/group-status-view.tsx und cashier-view.tsx,Contract- Worker- und UI-Tests sowie Splitgruppenabnahme,umgesetzt
V18-API-010,V1,MUSS,Fortgeltendes Delta 1.8.0,Verträge liefern ISO-Zeitfenster und Zeitzone; Gruppenroute und Legacy-Ticketroute bleiben parallel verfügbar.,,packages/contracts/src/index.ts apps/worker/src/index.ts und apps/web/src/api.ts,Contract- und API-Tests,umgesetzt
V18-DAT-010,V1,MUSS,Fortgeltendes Delta 1.8.0,"Migration 0042 speichert Gruppencode und Push-Zuordnung geschützt, füllt Bestände kompatibel und hält Codes aus Audit und Outbox.",,apps/worker/migrations/0042_group_status_codes_and_push.sql event-coordinator.ts und web-push.ts,Migrations- Push- und Geheimhaltungstests,umgesetzt
V18-OPS-010,V1,MUSS,Fortgeltendes Delta 1.8.0,ADR und Migrationsnotiz dokumentieren Rückwärtskompatibilität und Wiederherstellung.,,docs/adr/0023-oeffentlicher-gruppencode.md und apps/worker/migrations/README.md,Requirements-Verifikation und Diffprüfung,umgesetzt
V18-QA-010,V1,MUSS,Fortgeltendes Delta 1.8.0,"Automatisierte und visuelle Abnahme deckt Busy, Zeitfenster, Tabellen, Gruppendruck, Splitstatus, Push, Legacy und Geheimhaltung ab.",,Workspace-Prüfskripte und docs/ui/v1.10.0-release-concept.md,Vollständiger Check und Browserabnahme,umgesetzt
V19-BRN-010,V1,MUSS,Fortgeltendes Delta 1.9.0,Das generische App-Icon verwendet in allen synchronen Varianten ein blaues Plane-Outline auf dunklem Hintergrund.,,apps/web/public/icons/app-icon.svg und Rastervarianten,pwa-installability.test.ts sowie visuelle Kleinformatabnahme,umgesetzt
V19-CAS-010,V1,MUSS,Fortgeltendes Delta 1.9.0,"Kassenbuttons, Symbolköpfe, Personenanzeige, Abschlussstatus und der servergestützte Tab Offene Tickets entsprechen dem freigegebenen Delta.",,apps/web/src/cashier-view.tsx cashier-guidance.ts und cashier-v12.css,cashier-guidance.test.ts v19-ui.test.ts cashier-v12.test.ts und Browserabnahme,umgesetzt
V19-PRN-010,V1,MUSS,Fortgeltendes Delta 1.9.0,POS-58 druckt das Gruppenticket ohne Vorlauf oder feste Rollenlänge aus genau einer Druckregelquelle.,,apps/web/src/features/cashier/cashier-v12.css und styles.css,v19-ui.test.ts cashier-v12.test.ts und 58x100-mm-Print-to-PDF; physische POS-58-Prüfung extern,umgesetzt
V19-RTE-010,V1,MUSS,Fortgeltendes Delta 1.9.0,Flight Director liegt unter /flight-director und Flight Line unter /flight-line; der alte Flight-Line-Pfad entfällt ohne Weiterleitung.,,apps/web Router Navigation Installationsmetadaten Workerprofile und PWA-Manifeste,navigation.test.ts install-metadata.test.ts pwa-installability.test.ts und Browserabnahme,umgesetzt
V19-API-010,V1,MUSS,Fortgeltendes Delta 1.9.0,Die Ticketsuche filtert OPEN serverseitig vor Cursor und Pagination ohne neue Domänen- oder Datenbankzustände.,,packages/contracts/src/index.ts apps/worker/src/ticket-search.ts und index.ts,index.test.ts ticket-search.test.ts und Worker-Quelltests,umgesetzt
V19-QA-010,V1,MUSS,Fortgeltendes Delta 1.9.0,"Automatisierte und visuelle Abnahme deckt Favicon, Kasse, Druck, Statuslogik, neue Routen und entfernte Legacy-Metadaten ab.",,Workspace-Prüfskripte und docs/ui/v1.10.0-release-concept.md,Vollständiger Check und responsive Browserabnahme,umgesetzt
V191-CAS-010,V1,MUSS,Fortgeltendes Delta 1.9.1,Temporäre Kapazitäts- und Prognosezustände bleiben Hinweise und sperren keinen ausdrücklich freigegebenen Verkauf; die Gruppengröße bleibt nach Verkauf erhalten und besitzt einen Reset auf 1.,,apps/web/src/cashier-view.tsx apps/worker/src/event-coordinator.ts und scripts/verify_sale_guards.mjs,cashier-v12.test.ts sale-capacity-policy.test.ts und test:sale-guards,umgesetzt
V191-GRP-010,V1,MUSS,Fortgeltendes Delta 1.9.1,Verkauf und Aufteilungsanzeige leiten die Gruppenkapazität aus aktiven Ressourcengruppenzuordnungen statt temporären Flugzeugzuständen ab.,,apps/worker/src/index.ts und event-coordinator.ts,sale-capacity-policy.test.ts test:sale-guards und Browserabnahme,umgesetzt
V191-PRN-010,V1,MUSS,Fortgeltendes Delta 1.9.1,"POS-58 druckt ausschließlich das auf 56 mm vergrößerte, mit einem 52-mm-QR-Code versehene und auf der Rollenachse zentrierte Ticket ohne Vorlauf oder feste Rollenlänge; Direktdruck wird betrieblich konfiguriert.",,apps/web/src/features/cashier/cashier-v12.css und docs/operations/pos-58-direct-print.md,cashier-v12.test.ts Print-to-PDF und physische POS-58-Prüfung extern,umgesetzt
V191-PUB-010,V1,MUSS,Fortgeltendes Delta 1.9.1,Öffentliche Status-PWAs vermeiden leeren iPhone-Überlauf und bezeichnen IN_FLIGHT als IM FLUG sowie LANDED als GELANDET.,,apps/web/src/features/public-status/public-status-model.ts und public-status-v18.css,public-status-model.test.ts public-status-ui.test.ts und mobile Browserabnahme,umgesetzt
V191-FID-010,V1,MUSS,Fortgeltendes Delta 1.9.1,FIDS-Zeitfenster werden ohne nachgestelltes Wort Uhr dargestellt.,,apps/web/src/time-window.ts und fids-display.tsx,time-window.test.ts fids-display-ui.test.ts und Browserabnahme,umgesetzt
V191-QA-010,V1,MUSS,Fortgeltendes Delta 1.9.1,"Automatisierte, visuelle und Druckabnahmen decken das vollständige freigegebene Korrekturdelta ab.",,Workspace-Prüfskripte und docs/ui/v1.10.0-release-concept.md,Vollständiger Check responsive Browserabnahme und Diff-Review,umgesetzt
V1100-REL-010,V1,MUSS,Release und Versionierung,"Anwendung, Workspace-Pakete, /api/meta, Healthcheck, Backups, Requirements, Traceability, Rollenunterlagen und PDFs melden konsistent 1.10.0.",,package.json packages/config apps/worker/src/index.ts apps/worker/src/backup.ts,scripts/verify_requirements.py und npm run check,umgesetzt
V1100-DOC-010,V1,MUSS,Dokumentationskonsistenz,"Nur der aktuelle Katalog, gültige ADRs, Betriebsanleitungen, automatisierte Tests und unveränderte binäre Quellen gelten als aktuelle Dokumentation. Links, Bilder, Versionen und Begriffe werden automatisiert geprüft.",,docs/requirements scripts/verify_architecture_docs.mjs,npm run docs:verify und npm run requirements:verify,umgesetzt
V1100-ROL-010,V1,MUSS,Rollenbezogene Einweisung,"Für Kasse, Flight Line, Flight Director und FIDS existiert je ein einseitiges Rollenblatt, für Administration höchstens zwei Seiten. Markdown ist Quelle; PDF wird reproduzierbar erzeugt. Jedes Blatt enthält Einstieg, vier bis sechs Schritte, aktuellen Screenshot, Ablaufstreifen, Stopp/Hilfe und Rolleninvarianten.",,docs/roles scripts/build_role_guides.py scripts/capture_role_guides.mjs,npm run test:browser:roles und npm run docs:guides:check,umgesetzt
V1100-CF-010,V1,MUSS,Cloudflare-Neuaufbau,"Eine leere Cloudflare-Umgebung ist mit einem Zielnamen weitgehend automatisch und wiederaufnehmbar aufbaubar. Worker-, D1- und R2-Namen sind ableitbar oder überschreibbar; D1 und R2 verwenden EU-Jurisdiktion. Bestehende Ressourcen werden nie gelöscht oder geleert.",,scripts/cloudflare_bootstrap.mjs scripts/cloudflare-target.mjs,apps/worker/src/cloudflare-target-config.test.ts und Bootstrap-Dry-Run,umgesetzt
V1100-CF-020,V1,MUSS,Cloudflare-Neuaufbau,"Eine lokale, nicht versionierte Zielkonfiguration umfasst Static Assets, D1, R2, Durable Object, Rate Limits, Cron und Observability. Migrationen, Secrets, Build, Deployment und Smoke-Prüfung sind dokumentiert; Demo-Seeds bleiben ausgeschlossen.",,scripts/cloudflare_verify.mjs docs/operations/cloudflare-neuaufbau.md .github/workflows/deploy-cloudflare.yml,npm run cloudflare:verify und GitHub-Environment-Gate,umgesetzt
V1100-SET-010,V1,MUSS,Werksreset und Ersteinrichtung,"Ein authentifizierter Werksreset verlangt die aktuelle Konto-PIN und führt im selben Browser über eine 30 Minuten gültige, einmal verwendbare, gehashte und hostgebundene Fortsetzungsfreigabe ohne Konsolenarbeit zu /setup. Antwortverlust ist über denselben commandId idempotent wiederholbar.",,apps/worker/src/reset-setup-grant.ts apps/web/src/setup-view.tsx,npm run test:factory-reset und npm run test:first-run-setup,umgesetzt
V1100-SEC-010,V1,MUSS,Installationssicherheit,"Der Installations-Notfallcode besitzt mindestens 128 Bit Entropie, liegt ausschließlich als Worker-Secret und im Passwortsafe vor, funktioniert nur bei leerer Installation und wird rate-limitiert mit generischen Fehlern geprüft. PINs, Codes, Cookies und Secrets erscheinen nie in Logs, Backups, Screenshots oder Repository.",,apps/worker/src/public-access.ts scripts/configure_cloudflare_setup.mjs,Reset-/Setup-Integration und Secret-Scan,umgesetzt
V1100-API-010,V1,MUSS,Interne API,"Interne operative Clients verwenden ausschließlich /api/control/:eventId/.... JSON-Anfragen sind größenbegrenzt; fehlerhaftes JSON liefert 400, eine Überschreitung 413. Zugesicherte öffentliche Statusrouten bleiben kompatibel.",,apps/worker/src/request-body-boundaries.ts apps/web/src/api.ts,Worker-Runtime- und Routingtests,umgesetzt
V1100-TYP-010,V1,MUSS,Generierte Worker-Typen,Worker-Bindings werden mit wrangler types erzeugt und bei jeder Typprüfung mit --check gegen wrangler.jsonc verifiziert.,,apps/worker/src/worker-configuration.d.ts apps/worker/package.json,npm run typecheck,umgesetzt
V1100-MIG-010,V1,MUSS,Migrationen,SQL-Migrationen besitzen einen automatisch geprüften Registereintrag und eine Wiederherstellungsnotiz. Die historische Doppelnummer 0036 bleibt aus Gründen der angewandten D1-Historie unverändert und ist ausdrücklich registriert.,,apps/worker/migrations scripts/verify_migrations.mjs,npm run docs:migrations:check und Backup/Restore,umgesetzt
V1100-DEP-010,V1,MUSS,Abhängigkeiten,Kompatible Patchstände werden kontrolliert aktualisiert; TypeScript bleibt in diesem Release auf 6.0.3. Dependabot schlägt wöchentlich gruppierte Patchupdates vor.,,package-lock.json .github/dependabot.yml,npm audit --omit=dev und npm run check,umgesetzt
V1100-QA-010,V1,MUSS,Qualitätssicherung,"Unit-, Worker-/D1-Integrations- und Browserprüfungen decken Reset/Setup, Bootstrap-Konfiguration, Rollenabläufe, responsive Darstellung, Dokumente und Backups ab. Der vollständige Abnahmelauf bleibt npm run check.",,vitest.config.ts vitest.worker.config.ts scripts,npm run check npm run test:worker-runtime npm run test:browser:roles,umgesetzt
V1100-MOD-010,V1,MUSS,Modularisierung,"Neue Setup-/Reset-, Request-Grenz- und Cloudflare-Ziellogik liegt in eigenständigen Modulen. Weitere Zerlegung der großen operativen Handler darf Atomarität, erwartete Version, Idempotenz, Audit, Outbox oder Veröffentlichung nach Persistenz nicht verändern.",,apps/worker/src packages/contracts/src apps/web/src/features,Typprüfung Unit-Tests Worker-Runtime und Browserabnahme,umgesetzt
